Date Code,"Nominal 
Thickness",Inspector,Density,HR 1,HR 2,HR 3,"Average 
Hardness"
17-B-1045,65T,IAN,0.921,72,72,72,72
17-B-1046,65T,IAN,0.921,70,70,70,70
17-B-1047,65T,IAN,0.921,71,71,71,71
17-B-1048,65T,IAN,0.92,71,71,71,71
17-B-1049,65T,IAN,0.92,70,70,70,70
17-B-1050,65T,IAN,0.921,71,71,71,71
17-B-1051,65T,IAN,0.921,69,69,69,69
17-B-1052,65T,IAN,0.922,70,70,70,70
17-B-1053,65T,DEREK,0.932,70,70,70,70
17-B-1054,65T,DEREK,0.921,70,70,70,70
17-B-1055,65T,DEREK,0.92,71,71,71,71
17-B-1056,65T,DEREK,0.92,71,71,71,71
17-B-1057,65T,DEREK,0.921,70,70,70,70
17-B-1058,65T,DEREK,0.921,69,69,69,69
17-B-1059,65T,DEREK,0.92,70,70,70,70
17-B-1060,65T,DEREK,0.921,70,70,70,70
17-B-1061,117T,DEREK,0.92,69,69,69,69
17-B-1062,117T,DEREK,0.922,71,71,71,71
17-B-1063,117T,DEREK,0.922,70,70,70,70
17-B-1064,117T,DEREK,0.921,70,70,70,70
17-B-1065,117T,DEREK,0.922,69,69,69,69
17-B-1066,117T,DEREK,0.922,70,70,70,70
17-B-1067,117T,DEREK,0.921,69,69,69,69
17-B-1068,117T,DEREK,0.921,71,71,71,71
17-B-1069,117T,DEREK,0.919,70,70,70,70
17-B-1070,117T,DEREK,0.919,69,69,69,69
17-B-1071,117T,IAN,0.921,70,70,70,70
17-B-1072,117T,IAN,0.922,71,71,71,71
17-B-1073,117T,IAN,0.922,69,69,69,69
17-B-1074,117T,IAN,0.922,72,72,72,72
17-B-1075,117T,IAN,0.921,71,71,71,71
17-B-1076,117T,IAN,0.921,70,70,70,70
17-B-1077,117T,IAN,0.924,70,70,70,70
17-B-1078,117T,IAN,0.924,71,71,71,71
17-B-1079,117T,IAN,0.923,70,70,70,70
17-B-1080,117T,IAN,0.922,71,69,69,69.66666667
17-B-1081,117T,IAN,0.923,70,70,70,70
17-B-1082,117T,IAN,0.923,71,71,71,71
17-B-1083,117T,IAN,0.923,70,70,70,70
17-B-1084,117T,IAN,0.923,71,71,71,71
17-B-1085,117T,IAN,0.922,70,70,70,70
17-B-1086,117T,IAN,0.922,71,71,71,71
17-B-1087,117T,IAN,0.921,69,69,69,69
17-B-1088,117T,IAN,0.92,71,70,70,70.33333333
17-B-1089,117T,IAN,0.921,70,70,70,70
17-B-1090,117T,IAN,0.921,71,71,71,71
17-B-1091,117T,IAN,0.92,73,74,72,73
17-B-1092,117T,IAN,0.919,72,73,72,72.33333333
17-B-1093,117T,IAN,0.919,70,71,70,70.33333333
17-B-1094,117T,IAN,0.918,69,71,69,69.66666667
17-B-1095,117T,IAN,0.92,70,70,71,70.33333333
17-B-1096,117T,IAN,0.921,71,70,71,70.66666667
17-B-1097,117T,IAN,0.921,70,69,71,70
17-B-1098,117T,IAN,0.92,72,70,72,71.33333333
17-B-1099,117T,IAN,0.921,70,72,70,70.66666667
17-B-1100,117T,IAN,0.92,70,71,71,70.66666667
17-B-1101,117T,IAN,0.923,68,69,68,68.33333333
17-B-1102,117T,IAN,0.923,72,74,71,72.33333333
17-B-1103,117T,IAN,0.923,73,72,72,72.33333333
17-B-1104,117T,SAM,0.923,69,70,71,70
17-B-1105,117T,SAM,0.923,69,68,69,68.66666667
17-B-1106,117T,SAM,0.922,71,71,72,71.33333333
17-B-1107,117T,SAM,0.923,72,71,73,72
17-B-1108,117T,SAM,0.92,71,70,70,70.33333333
17-B-1109,117T,KAREN,0.92,70,70,69,69.66666667
17-B-1110,117T,KAREN,0.92,71,71,69,70.33333333
17-B-1111,117T,KAREN,0.92,70,72,70,70.66666667
17-B-1112,117T,KAREN,0.92,69,70,69,69.33333333
17-B-1113,117T,KAREN,0.92,70,70,71,70.33333333
17-B-1114,117T,KAREN,0.92,71,71,71,71
17-B-1115,117T,DR,0.921,72,70,71,71
17-B-1116,117T,DR,0.922,70,70,71,70.33333333
17-B-1117,117T,DR,0.92,71,70,71,70.66666667
17-B-1118,117T,DR,0.92,71,70,72,
17-B-1119,117T,KAREN,0.921,70,70,69,69.66666667
17-B-1120,117T,KAREN,0.922,69,68,70,69
17-B-1121,117T,DEREK,0.921,70,70,70,70
17-B-1122,117T,DR,0.92,72,72,71,71.66666667
17-B-1123,117T,DR,0.922,71,70,71,70.66666667
17-B-1124,117T,DEREK,0.922,70,69,70,70.66666667
17-B-1192,117T,SAM,0.92,67,68,69,68
17-B-1193,117T,SAM,0.919,69,70,70,69.66666667
17-B-1194,117T,SAM,0.92,72,70,70,71
17-B-1195,117T,SAM,0.92,73,71,70,71.3
17-B-1196,117T,SAM,0.921,70,71,70,70.33333333
17-B-1197,117T,SAM,0.92,72,72,71,71.66666667
17-B-1198,117T,DEREK,0.92,71,72,71,71.33333333
17-B-1199,117T,DEREK,0.923,70,69,71,70
17-B-1200,117T,DEREK,0.921,70,70,71,70.33333333
17-B-1201,117T,DEREK,0.92,72,73,73,72.66666667
17-B-1202,117T,DEREK,0.921,71,72,71,71.33333333
17-B-1203,117T,DEREK,0.921,71,70,71,70.66666667
17-B-1204,117T,DEREK,0.921,70,71,71,70.66666667
17-B-1205,117T,DEREK,0.92,70,70,70,70
17-B-1206,117T,DEREK,0.92,71,71,71,71
17-B-1207,117T,DR,0.919,70,71,72,71
17-B-1208,117T,DEREK,0.919,70,71,70,70.33333333
17-B-1209,117T,DEREK,0.919,70,71,70,70.33333333
17-B-1210,117T,DEREK,0.919,72,71,73,72
17-B-1211,117T,DEREK,0.92,70,70,71,70.33333333
17-B-1212,117T,DEREK,0.92,71,70,71,70.66666667
17-B-1213,117T,DEREK,0.921,70,71,70,70.33333333
17-B-1214,117T,DEREK,0.921,71,71,70,70.66666667
17-B-1215,117T,DEREK,0.921,70,70,70,70
17-B-1216,117T,DR,0.922,70,70,71,70.33333333
17-B-1217,117T,DEREK,0.921,70,70,70,70
17-B-1218,117T,DR,0.922,71,71,71,71
17-B-1219,117T,DR,0.921,71,70,70,70.33333333
17-B-1220,117T,DR,0.92,71,70,71,70.66666667
17-B-1221,117T,DEREK,0.919,71,71,71,71
17-B-1222,117T,DEREK,0.92,70,69,69,69.33333333
17-B-1223,117T,DEREK,0.92,70,70,71,70.33333333
17-B-1224,117T,DEREK,0.922,70,71,70,70.33333333
17-B-1225,117T,DEREK,0.922,71,72,73,72
17-B-1226,117T,DEREK,0.92,70,70,70,70
17-B-1227,117T,DEREK,0.92,70,71,70,70.33333333
17-B-1228,117T,DEREK,0.923,71,72,70,71
17-B-1229,117T,DEREK,0.923,70,71,70,70.33333333
17-B-1230,117T,DEREK,0.921,69,70,72,70.33333333
17-B-1231,117T,DEREK,0.923,70,71,70,70.33333333
17-B-1232,117T,DEREK,0.923,71,70,71,70.66666667
17-B-1233,117T,DEREK,0.923,71,70,70,70.33333333
17-B-1234,117T,DEREK,0.921,70,71,71,70.66666667
17-B-1235,117T,DEREK,0.921,71,70,71,70.66666667
17-B-1236,117T,DEREK,0.923,70,71,70,70.33333333
17-B-1237,117T,DEREK,0.92,70,70,71,70.33333333
17-B-1238,117T,DEREK,0.922,71,70,71,70.66666667
17-B-1239,117T,DEREK,0.923,70,70,71,70.33333333
17-B-1240,117T,DEREK,0.919,70,70,71,70.33333333
17-B-1241,117T,DEREK,0.919,70,70,70,71
17-B-1242,117T,DEREK,0.92,71,71,71,72
17-B-1243,117T,DEREK,0.919,70,70,71,70
17-B-1244,117T,DEREK,0.92,71,70,70,70.33333333
17-B-1245,117T,DEREK,0.92,70,71,70,70.33333333
17-B-1246,117T,DEREK,0.921,70,70,70,70
17-B-1247,117T,DEREK,0.92,70,70,69,69.66666667
17-B-1248,117T,DEREK,0.92,71,71,71,70
17-B-1249,117T,DEREK,0.922,70,70,71,70
17-B-1250,117T,SAM,0.92,72,74,72,72.66666667
17-B-1251,117T,SAM,0.92,70,71,70,70.33333333
17-B-1252,117T,SAM,0.92,72,72,71,71.66666667
17-B-1253,117T,SAM,0.92,70,70,71,70.33333333
17-B-1254,117T,SAM,0.92,70,71,71,70.66666667
17-B-1255,117T,SAM,0.92,71,71,71,71
17-B-1256,117T,SAM,0.92,72,71,70,71
17-B-1257,117T,SAM,0.92,70,70,69,69.66666667
17-B-1258,117T,SAM,0.92,68,68,68,68
17-B-1259,117T,SAM,0.92,72,72,72,72
17-B-1260,117T,KAREN,0.922,71,71,72,71.33333333
17-B-1261,117T,SAM,0.92,70,70,71,70.33333333
17-B-1262,117T,KAREN,0.921,69,70,70,69.66666667
17-B-1263,117T,SAM,0.92,71,71,72,71.33333333
17-B-1264,117T,KAREN,0.921,69,70,69,69.33333333
17-B-1265,117T,SAM,0.92,72,70,69,70.33333333
17-B-1266,117T,SAM,0.92,70,71,71,70.66666667
17-B-1267,117T,KAREN,0.923,70,70,70,70
17-B-1268,117T,KAREN,0.923,70,71,71,70.66666667
17-B-1269,117T,KAREN,0.923,70,71,72,71
17-B-1270,117T,SAM,0.92,71,69,70,70
17-B-1271,117T,KAREN,0.921,71,71,71,71
17-B-1272,117T,KAREN,0.922,70,70,70,70
17-B-1273,117T,KAREN,0.922,70,69,70,69.66666667
17-B-1274,117T,KAREN,0.923,70,70,70,70
17-B-1275,117T,KAREN,0.923,70,69,69,69.33333333
17-B-1276,117T,KAREN,0.923,70,70,70,70
17-B-1277,117T,KAREN,0.923,69,71,70,70
17-B-1278,117T,KAREN,0.921,72,72,72,72
17-B-1279,117T,KAREN,0.922,71,71,71,71
17-B-1280,117T,KAREN,0.923,72,72,72,72
17-B-1281,117T,SAM,0.923,70,69,71,70
17-B-1282,117T,SAM,0.922,70,71,70,70.33333333
17-B-1283,117T,SAM,0.924,72,72,70,71.33333333
17-B-1284,117T,SAM,0.924,71,70,72,71
17-B-1285,117T,SAM,0.922,69,69,69,69
17-B-1286,117T,SAM,0.922,71,70,70,70.33333333
17-B-1287,117T,SAM,0.922,70,69,69,69.33333333
17-B-1383,65T,JF,0.922,68,68,69,68
17-B-1384,65T,JF,0.923,70,70,70,70
17-B-1385,65T,JF,0.922,69,69,70,69
17-B-1386,65T,JF,0.923,71,70,71,71
17-B-1387,65T,JF,0.923,71,71,71,71
17-B-1388,65T,JF,0.923,70,68,69,69
17-B-1389,65T,JF,0.923,69,69,69,69
17-B-1390,65T,JF,0.922,70,70,70,70
17-B-1391,65T,DC,0.922,70,70,70,70
17-B-1392,65T,DC,0.924,69,70,70,69.66666667
17-B-1393,65T,DC,0.923,71,71,71,71
17-B-1394,65T,LOIS,0.924,70,70,71,70.33333333
17-B-1395,65T,LOIS,0.921,70,71,70,70.33333333
17-B-1396,65T,LOIS,0.922,70,70,71,70.33333333
17-B-1397,65T,LOIS,0.92,70,71,71,70.66666667
17-B-1398,65T,LOIS,0.922,70,70,70,70
17-B-1399,65T,JF,0.922,70,70,70,70
17-B-1400,65T,DC,0.92,71,71,71,71
17-B-1401,65T,,,,,,#DIV/0!
17-B-1402,65T,LD,0.921,70,70,71,70.33333333
17-B-1403,65T,JF,0.923,70,69,71,70
17-B-1404,65T,JF,0.922,68,69,68,68.33333333
17-B-1405,65T,JF,0.923,69,69,71,69.66666667
17-B-1406,65T,JF,0.922,70,69,71,70
17-B-1407,65T,DARLENE,0.923,70,70,70,70
17-B-1408,65T,DARLENE,0.922,71,71,70,70.66666667
17-B-1409,65T,DARLENE,0.923,71,70,70,70.33333333
17-B-1410,65T,DARLENE,0.922,71,71,71,71
17-B-1411,65T,DARLENE,0.923,72,71,70,71
17-B-1412,65T,DARLENE,0.921,71,71,71,71
17-B-1413,65T,DARLENE,0.923,70,70,70,70
17-B-1414,65T,DARLENE,0.923,72,72,71,71.66666667
17-B-1415,65T,DARLENE,0.923,71,70,70,70.33333333
17-B-1416,65T,DARLENE,0.923,71,70,71,70.66666667
17-B-1417,65T,DARLENE,0.923,70,70,70,70
17-B-1418,65T,JF,0.927,70,70,71,70.33333333
17-B-1419,65T,DARLENE,0.923,70,70,71,70.33333333
17-B-1420,65T,JF,0.92,70,71,71,70.66666667
17-B-1421,65T,DARLENE,0.922,70,71,71,70.66666667
17-B-1422,65T,LOIS,0.923,70,72,71,71
17-B-1423,117T,DEREK,0.922,70,70,71,70.33333333
17-B-1424,117T,DEREK,0.922,71,71,70,70.66666667
17-B-1425,117T,DEREK,0.922,71,71,71,71
17-B-1426,117T,DEREK,0.921,70,71,72,71
17-B-1427,117T,DEREK,0.921,70,70,70,70
17-B-1428,117T,DEREK,0.921,72,72,70,71.33333333
17-B-1429,117T,DEREK,0.921,71,70,70,70.33333333
17-B-1430,117T,DEREK,0.921,71,71,70,70.66666667
17-B-1431,117T,DEREK,0.922,72,70,71,71
17-B-1432,117T,DEREK,0.923,70,70,70,70
17-B-1433,117T,DEREK,0.923,71,71,71,71
17-B-1434,117T,DEREK,0.924,72,71,70,71
17-B-1435,117T,DEREK,0.923,70,71,70,70.33333333
17-B-1436,117T,DEREK,0.922,70,71,70,70
17-B-1437,117T,DEREK,0.921,71,70,70,70.33333333
17-B-1438,117T,DEREK,0.921,72,72,71,71.66666667
17-B-1439,117T,DEREK,0.921,70,71,71,
17-B-1440,117T,DEREK,0.922,70,70,71,70.33333333
17-B-1441,117T,DEREK,0.922,71,71,70,70.66666667
17-B-1442,117T,DEREK,0.921,71,71,71,71
17-B-1443,117T,DEREK,0.922,71,70,70,70.33333333
17-B-1444,117T,KAREN ,0.921,71,70,69,70
17-B-1445,117T,ROBYN,0.922,70,71,71,70.66666667
17-B-1446,117T,IAN,0.921,73,72,74,73
17-B-1447,117T,KAREN ,0.922,70,70,70,70
17-B-1448,117T,ROBYN,0.921,72,72,73,72.33333333
17-B-1449,117T,ROBYN,0.922,73,74,73,73.33333333
17-B-1450,117T,ROBYN,0.921,72,74,74,73.33333333
17-B-1451,117T,ROBYN,0.922,72,72,70,71.33333333
17-B-1452,117T,ROBYN,0.921,72,73,74,73
17-B-1453,117T,ROBYN,0.922,72,71,70,71
17-B-1454,117T,ROBYN,0.921,73,70,73,72
17-B-1455,117T,ROBYN,0.922,71,73,72,72
17-B-1456,117T,ROBYN,0.921,74,73,71,72.66666667
17-B-1457,117T,ROBYN,0.922,72,73,71,72
17-B-1458,117T,ROBYN,0.921,72,70,72,71.33333333
17-B-1459,117T,ROBYN,0.922,72,71,73,72
17-B-1460,117T,ROBYN,0.921,73,74,70,72.33333333
17-B-1461,117T,ROBYN,0.922,71,72,70,71
17-B-1462,117T,ROBYN,0.921,70,73,72,71.66666667
17-B-1463,117T,IAN,0.922,73,73,72,72.66666667
17-B-1464,117T,IAN,0.921,73,73,73,73
17-B-1465,117T,IAN,0.922,73,73,71,72.33333333
17-B-1466,117T,IAN,0.921,72,73,73,72.66666667
17-B-1467,117T,IAN,0.922,73,70,73,72
17-B-1468,117T,IAN,0.921,73,72,71,72
17-B-1469,117T,IAN,0.922,72,72,72,72
17-B-1470,117T,IAN,0.921,74,74,73,73.66666667
17-B-1471,117T,IAN,0.922,73,73,73,73
17-B-1472,117T,IAN,0.921,70,73,73,72
17-B-1473,117T,IAN,0.922,73,71,73,72.33333333
17-B-1474,117T,IAN,0.921,73,73,74,73.33333333
17-B-1475,117T,IAN,0.922,72,73,73,72.66666667
17-B-1476,117T,ROBYN,0.92,71,70,73,71.33333333
17-B-1477,117T,IAN,0.922,71,70,70,70.33333333
17-B-1478,117T,IAN,0.921,71,71,70,70.66666667
17-B-1479,117T,ROBYN,0.92,72,70,70,70.66666667
17-B-1480,117T,ROBYN,0.92,71,70,70,70.33333333
17-B-1481,117T,IAN,0.922,71,70,73,71.33333333
17-B-1482,117T,ROBYN,0.92,70,71,72,71
17-B-1483,117T,IAN,0.922,71,71,70,70.66666667
17-B-1484,117T,IAN,0.921,70,72,72,71.33333333
17-B-1485,117T,IAN,0.922,73,73,71,72.33333333
17-B-1486,117T,ROBYN,0.92,72,71,73,72
17-B-1487,,,,,,,#DIV/0!
17-B-1488,,,,,,,#DIV/0!
17-B-1489,,,,,,,#DIV/0!
17-B-1490,,,,,,,#DIV/0!
17-B-1491,,,,,,,#DIV/0!
17-B-1492,,,,,,,#DIV/0!
17-B-1493,,,,,,,#DIV/0!
17-B-1494,,,,,,,#DIV/0!
17-B-1495,,,,,,,#DIV/0!
17-B-1496,,,,,,,#DIV/0!
17-B-1497,,,,,,,#DIV/0!
17-B-1498,,,,,,,#DIV/0!
17-B-1499,,,,,,,#DIV/0!
17-B-1500,,,,,,,#DIV/0!
17-B-1501,,,,,,,#DIV/0!
17-B-1502,,,,,,,#DIV/0!
17-B-1503,,,,,,,#DIV/0!
17-B-1504,,,,,,,#DIV/0!
17-B-1505,,,,,,,#DIV/0!
17-B-1506,,,,,,,#DIV/0!
17-B-1507,,,,,,,#DIV/0!
17-B-1508,,,,,,,#DIV/0!
17-B-1509,,,,,,,#DIV/0!
17-B-1510,,,,,,,#DIV/0!
17-B-1511,,,,,,,#DIV/0!
17-B-1512,,,,,,,#DIV/0!
17-B-1513,,,,,,,#DIV/0!
17-B-1514,,,,,,,#DIV/0!
17-B-1515,,,,,,,#DIV/0!
17-B-1516,,,,,,,#DIV/0!
17-B-1517,,,,,,,#DIV/0!
17-B-1518,,,,,,,#DIV/0!
17-B-1519,,,,,,,#DIV/0!
17-B-1520,,,,,,,#DIV/0!
17-B-1521,,,,,,,#DIV/0!
17-B-1522,,,,,,,#DIV/0!
17-B-1523,,,,,,,#DIV/0!
17-B-1524,,,,,,,#DIV/0!
17-B-1525,,,,,,,#DIV/0!
17-B-1526,,,,,,,#DIV/0!
17-B-1527,,,,,,,#DIV/0!
17-B-1528,,,,,,,#DIV/0!
17-B-1529,,,,,,,#DIV/0!
17-B-1530,,,,,,,#DIV/0!
17-B-1531,,,,,,,#DIV/0!
17-B-1532,,,,,,,#DIV/0!
17-B-1533,,,,,,,#DIV/0!
17-B-1534,,,,,,,#DIV/0!
17-B-1535,,,,,,,#DIV/0!
17-B-1536,,,,,,,#DIV/0!
17-B-1537,,,,,,,#DIV/0!
17-B-1538,,,,,,,#DIV/0!
17-B-1539,,,,,,,#DIV/0!
17-B-1540,,,,,,,#DIV/0!
17-B-1541,,,,,,,#DIV/0!
17-B-1542,,,,,,,#DIV/0!
17-B-1543,,,,,,,#DIV/0!
17-B-1544,,,,,,,#DIV/0!
17-B-1545,,,,,,,#DIV/0!
17-B-1546,,,,,,,#DIV/0!
17-B-1547,,,,,,,#DIV/0!
17-B-1548,,,,,,,#DIV/0!
17-B-1549,,,,,,,#DIV/0!
17-B-1550,,,,,,,#DIV/0!
17-B-1551,,,,,,,#DIV/0!
17-B-1552,,,,,,,#DIV/0!
17-B-1553,,,,,,,#DIV/0!
17-B-1554,,,,,,,#DIV/0!
17-B-1555,,,,,,,#DIV/0!
17-B-1556,,,,,,,#DIV/0!
17-B-1557,,,,,,,#DIV/0!
17-B-1558,,,,,,,#DIV/0!
17-B-1559,,,,,,,#DIV/0!
17-B-1560,,,,,,,#DIV/0!
17-B-1561,,,,,,,#DIV/0!
17-B-1562,,,,,,,#DIV/0!
17-B-1563,,,,,,,#DIV/0!
17-B-1564,,,,,,,#DIV/0!
17-B-1565,,,,,,,#DIV/0!
17-B-1566,,,,,,,#DIV/0!
17-B-1567,,,,,,,#DIV/0!
17-B-1568,,,,,,,#DIV/0!
17-B-1569,,,,,,,#DIV/0!
17-B-1570,,,,,,,#DIV/0!
17-B-1571,,,,,,,#DIV/0!
17-B-1572,,,,,,,#DIV/0!
17-B-1573,117T,SAM,0.92,73,73,73,73
17-B-1574,117T,SAM,0.92,71,69,71,70.33333333
17-B-1575,117T,LOIS,0.92,70,70,71,70
17-B-1576,117T,LOIS,0.922,70,70,70,71
17-B-1577,117T,SAM,0.92,71,70,70,70.33333333
17-B-1578,117T,IAN,0.922,71,71,71,71
17-B-1579,117T,JAKE,0.921,70,71,71,68
17-B-1580,117T,JAKE,0.922,71,71,71,69
17-B-1581,117T,IAN,0.921,71,70,78,73
17-B-1582,117T,SAM,0.92,70,71,69,70
17-B-1583,117T,LOIS,0.92,70,70,70,71
17-B-1584,117T,IAN,0.923,69,68,72,69.66666667
17-B-1585,117T,SAM,0.92,71,71,71,71
17-B-1586,117T,LOIS,0.922,70,70,71,70.33333333
17-B-1587,117T,SAM,0.92,71,69,71,70.33333333
17-B-1588,117T,LOIS,0.923,72,72,72,72
17-B-1589,117T,LOIS,0.922,70,71,70,70.33333333
17-B-1590,117T,LOIS,0.922,70,71,71,70.66666667
17-B-1591,117T,LOIS,0.921,70,70,71,70.33333333
17-B-1592,117T,LOIS,0.92,72,72,72,72
17-B-1593,117T,SAM,0.92,72,71,71,71.33333333
17-B-1594,117T,SAM,0.92,71,71,71,71
17-B-1595,117T,LOIS,0.923,70,72,72,71.33333333
17-B-1596,117T,LOIS,0.921,70,71,71,70.66666667
17-B-1597,117T,SAM,0.92,72,71,71,71.33333333
17-B-1598,117T,LOIS,0.921,70,70,71,70.33333333
17-B-1599,117T,SAM,0.92,69,68,72,69.66666667
17-B-1600,117T,SAM,0.92,71,70,70,70.33333333
17-B-1601,117T,LOIS,0.92,70,70,71,70.33333333
17-B-1602,117T,LOIS,0.922,70,70,70,70
17-B-1603,117T,IAN,0.919,71,71,71,71
17-B-1604,117T,JAKE,0.921,70,70,70,70
17-B-1605,117T,JAKE,0.921,71,71,70,70
17-B-1606,117T,JAKE,0.921,72,71,70,70
17-B-1607,117T,JAKE,0.922,70,70,71,69
17-B-1608,117T,JAKE,0.919,71,71,71,69
17-B-1609,117T,JAKE,0.921,71,71,70,72
17-B-1610,117T,SAM,0.92,71,72,71,71.33333333
17-B-1611,117T,JAKE,0.921,70,71,70,71
17-B-1612,117T,LOIS,0.921,69,70,69,69
17-B-1613,117T,LOIS,0.921,69,69,69,71
17-B-1614,117T,JAKE,0.921,70,70,70,69
17-B-1615,117T,JAKE,0.92,71,71,71,71
17-B-1616,117T,JAKE,0.921,70,71,71,71
17-B-1617,117T,SAM,0.92,71,70,70,70.33333333
17-B-1618,117T,SAM,0.92,71,71,71,71
17-B-1619,117T,JAKE,0.921,71,71,71,70
17-B-1620,117T,JAKE,0.919,70,70,70,70
17-B-1621,117T,DC,0.92,70,70,71,70.33333333
17-B-1622,117T,JAKE,0.92,70,70,71,70
17-B-1623,117T,JAKE,0.92,70,70,70,71
17-B-1624,117T,DC,0.921,70,70,71,70.33333333
17-B-1625,117T,DC,0.921,71,71,70,70.66666667
17-B-1626,117T,DC,0.92,71,69,69,69.66666667
17-B-1627,117T,DC,0.922,71,68,7168,2435.666667
17-B-1628,117T,DC,0.921,70,70,70,70
17-B-1629,117T,JAKE,0.92,71,71,70,70
17-B-1630,117T,JAKE,0.92,70,70,71,71
17-B-1631,117T,JAKE,0.92,69,70,71,70
17-B-1632,117T,DC,0.921,70,71,70,70.33333333
17-B-1633,117T,JAKE,0.922,70,70,71,70
17-B-1634,117T,JAKE,0.922,70,70,70,70
17-B-1635,117T,DC,0.921,71,71,71,71
17-B-1636,65T,IAN,0.922,69,68,71,69.33333333
17-B-1637,65T,IAN,0.922,68,70,71,69.66666667
17-B-1638,65T,IAN,0.923,70,70,70,70
17-B-1639,65T,IAN,0.921,71,73,72,72
17-B-1640,65T,IAN,0.92,69,72,68,69.66666667
17-B-1641,65T,IAN,0.922,69,69,68,68.66666667
17-B-1642,65T,IAN,0.919,71,71,71,71
17-B-1643,65T,IAN,0.92,72,71,71,71.33333333
17-B-1644,45T,SAM,0.92,71,70,71,70.66666667
17-B-1645,45T,SAM,0.92,70,72,71,71
17-B-1646,45T,SAM,0.92,72,70,71,71
17-B-1647,45T,SAM,0.92,70,69,71,70
17-B-1648,45T,SAM,0.92,69,68,69,68.66666667
17-B-1649,45T,SAM,0.92,69,70,70,69.66666667
17-B-1650,45T,SAM,0.92,70,71,71,70.66666667
17-B-1651,45T,SAM,0.92,71,70,71,70.66666667
17-B-1652,45T,SAM,0.92,71,69,69,69.66666667
17-B-1653,45T,SAM,0.92,70,70,70,70
17-B-1654,45T,SAM,0.92,69,69,69,69
17-B-1753,65T,DEREK,0.923,70,70,70,70
17-B-1754,65T,DEREK,0.923,71,71,69,70.33333333
17-B-1755,65T,DEREK,0.923,71,72,71,71.33333333
17-B-1756,65T,DEREK,0.923,71,69,70,70
17-B-1757,65T,JAKE,0.923,70,72,69,70.33333333
17-B-1758,65T,JAKE,0.923,70,72,69,70.33333333
17-B-1759,65T,JAKE,0.923,70,72,69,70.33333333
17-B-1760,65T,JAKE,0.923,70,72,69,70.33333333
17-B-1761,65T,JAKE,0.923,70,71,69,70
17-B-1762,65T,JAKE,0.923,70,71,70,70.33333333
17-B-1763,65T,JAKE,0.923,70,71,70,70.33333333
17-B-1764,65T,JAKE,0.923,70,71,70,70.33333333
17-B-1765,65T,JAKE,0.923,70,71,70,70.33333333
17-B-1766,65T,JAKE,0.923,70,71,70,70.33333333
17-B-1767,65T,JAKE,0.923,70,71,70,70.33333333
17-B-1768,65T,JAKE,0.923,70,71,70,70.33333333
17-B-1769,65T,DEREK,0.921,70,70,70,70
17-B-1770,65T,DEREK,0.92,70,70,71,70.33333333
17-B-1771,65T,DEREK,0.922,70,71,71,70.66666667
17-B-1772,65T,DEREK,0.919,70,71,71,70.66666667
17-B-1773,65T,TIFFANY,0.92,70,71,70,70.33333333
17-B-1774,65T,TIFFANY,0.921,75,75,73,74.33333333
17-B-1775,65T,DEREK,0.922,70,70,70,70
17-B-1776,65T,DEREK,0.922,71,71,72,71.33333333
17-B-1777,65T,DEREK,0.922,72,71,70,71
17-B-1778,65T,DEREK,0.922,70,71,71,70.66666667
17-B-1779,65T,DEREK,0.922,71,71,70,70.66666667
17-B-1780,65T,DEREK,0.923,70,70,71,70.33333333
17-B-1781,65T,DEREK,0.92,70,71,70,70.33333333
17-B-1782,65T,DEREK,0.923,70,70,71,70.33333333
17-B-1783,65T,TIFFANY,0.923,70,70,71,70.33333333
17-B-1784,65T,TIFFANY,0.922,71,70,70,70.33333333
17-B-1817,65T,,0.921,69,,,69
17-B-1818,N/A,N/A,N/A,0,0,0,0
17-B-1819,65T,,0.922,70,,,70
17-B-1820,65T,,0.923,69,,,69
17-B-1821,65T,,0.921,70,,,70
17-B-1822,65T,,0.92,71,,,71
17-B-1823,65T,,0.922,70,,,70
17-B-1824,65T,,0.921,71,,,71
17-B-1825,65T,,0.92,69,,,69
17-B-1826,65T,TIFFANY,0.92,71,73,73,72.33333333
17-B-1827,65T,TIFFANY,0.921,73,74,72,73
17-B-1828,65T,TIFFANY,0.921,70,70,70,70
17-B-1829,65T,TIFFANY,0.921,71,72,71,71.33333333
17-B-1830,65T,TIFFANY,0.92,69,70,69,69.33333333
17-B-1831,65T,TIFFANY,0.921,71,71,71,71
17-B-1832,65T,TIFFANY,0.921,69,71,71,70.33333333
17-B-1833,65T,TIFFANY,0.922,73,70,71,71.33333333
17-B-1834,65T,TIFFANY,0.922,69,70,69,69.33333333
17-B-1835,65T,TIFFANY,0.922,71,70,72,71
17-B-1836,65T,TIFFANY,0.921,70,71,70,70.33333333
17-B-1837,65T,TIFFANY,0.921,70,70,70,70
17-B-1838,65T,TIFFANY,0.922,70,70,70,70
17-B-1839,65T,TIFFANY,0.923,70,69,70,69.66666667
17-B-1840,30T,TIFFANY,0.92,70,71,70,70.33333333
17-B-1841,30T,TIFFANY,0.92,70,70,70,70
17-B-1842,65T,DEREK,0.923,71,70,71,70.66666667
17-B-1843,65T,DEREK,0.923,71,70,71,70.66666667
17-B-1844,65T,DEREK,0.922,70,71,70,70.33333333
17-B-1845,65T,DEREK,0.923,71,71,70,70.66666667
17-B-1846,65T,DEREK,0.923,70,71,70,70.33333333
17-B-1847,65T,DEREK,0.923,70,70,71,70.33333333
17-B-1848,65T,DEREK,0.923,70,70,70,70
17-B-1849,65T,DEREK,0.923,70,72,70,70.66666667
17-B-1850,65T,DEREK,0.923,70,69,71,70
17-B-1851,65T,DEREK,0.92,70,70,70,70
17-B-1852,65T,DEREK,0.923,70,71,71,70.66666667
17-B-1853,65T,DEREK,0.922,71,70,70,70.33333333
17-B-1854,65T,DEREK,0.923,70,70,70,70
17-B-1855,65T,DEREK,0.923,70,71,70,70.33333333
17-B-1856,65T,DEREK,0.922,70,71,71,70.66666667
17-B-1857,65T,DEREK,0.923,70,70,70,70
17-B-1876,117T,,0.92,71,71,72,71.33333333
17-B-1877,117T,,0.92,69,72,70,70.33333333
17-B-1878,117T,,0.92,72,72,73,72.33333333
17-B-1879,117T,,0.92,71,71,71,71
17-B-1880,117T,,0.92,71,71,72,71.33333333
17-B-1881,117T,,0.92,72,70,70,70.66666667
17-B-1882,117T,,0.93,73,74,73,73.33333333
17-B-1883,117T,,0.92,72,72,72,72
17-B-1884,117T,,0.92,73,71,71,71.66666667
17-B-1885,117T,,0.92,73,73,71,72.33333333
17-B-1886,117T,,0.93,72,72,72,72
17-B-1887,117T,,0.92,73,73,72,72.66666667
17-B-1888,117T,,0.92,73,70,73,72
17-B-1889,117T,,0.92,71,72,70,71
17-B-1890,117T,,0.923,71,72,72,71.66666667
17-B-1891,117T,,0.92,71,72,72,71.66666667
17-B-1892,117T,,0.92,70,70,72,70.66666667
17-B-1893,117T,,0.92,70,69,69,69.33333333
17-B-1894,117T,,0.92,72,70,71,71
17-B-1895,117T,,0.921,70,71,71,70.66666667
17-B-1896,117T,,0.93,70,69,70,69.66666667
17-B-1897,117T,,0.93,71,72,71,71.33333333
17-B-1898,117T,,0.92,71,71,72,71.33333333
17-B-1899,117T,,0.922,71,71,71,71
17-B-1900,117T,,0.921,70,69,71,70
17-B-1901,117T,,0.92,71,70,73,71.33333333
17-B-1902,117T,,0.92,69,69,69,69
17-B-1903,117T,,0.922,71,72,72,71.66666667
17-B-1904,117T,,0.92,69,69,70,69.33333333
17-B-1905,117T,,0.922,70,71,72,71
17-B-1906,117T,,0.923,72,71,72,71.66666667
17-B-1907,117T,,0.922,71,70,71,70.66666667
17-B-1908,117T,,0.9244,70,71,70,70.33333333
17-B-1909,117T,,0.922,70,71,71,70.66666667
17-B-1910,117T,,0.92,70,69,70,69.66666667
17-B-1911,117T,,0.921,71,72,72,71.66666667
17-B-1912,117T,,0.92,72,73,70,71.66666667
17-B-1913,117T,,0.922,70,70,69,69.66666667
17-B-1914,117T,,0.92,71,73,72,72
17-B-1915,117T,,0.92,72,71,70,71
17-B-1916,117T,,0.922,71,71,71,71
17-B-1917,117T,,0.921,70,70,71,70.33333333
17-B-1918,117T,,0.923,71,71,70,70.66666667
17-B-1919,117T,,0.923,69,69,70,69.33333333
17-B-1920,117T,,0.923,70,70,69,69.66666667
17-B-1921,117T,,0.922,70,71,72,71
17-B-1922,117T,,0.92,71,73,70,71.33333333
17-B-1923,117T,,0.92,69,69,71,69.66666667
17-B-1924,117T,,0.92,71,70,72,71
17-B-1925,117T,,0.923,70,70,69,69.66666667
17-B-1926,117T,,0.92,72,70,70,70.66666667
17-B-1927,117T,,0.921,69,69,69,69
17-B-1928,117T,,0.92,71,70,70,70.33333333
17-B-1929,117T,,0.92,71,71,70,70.66666667
17-B-1930,117T,,0.92,71,71,73,71.66666667
17-B-1931,117T,,0.92,70,72,71,71
17-B-1932,117T,,0.92,69,68,70,69
17-B-1933,117T,,0.92,71,71,72,71.33333333
17-B-1934,117T,,0.92,69,69,70,69.33333333
17-B-1935,117T,,0.92,70,70,70,70
17-B-1936,117T,,0.92,70,70,72,70.66666667
17-B-1937,117T,,0.92,71,72,70,71
17-B-1938,117T,,,,,,#DIV/0!
17-B-1939,117T,,,,,,#DIV/0!
17-B-1940,117T,,,,,,#DIV/0!
17-B-1941,117T,,,,,,#DIV/0!
17-B-1942,117T,,,,,,#DIV/0!
17-B-1943,117T,,,,,,#DIV/0!
17-B-1944,117T,,,,,,#DIV/0!
17-B-1945,117T,,,,,,#DIV/0!
17-B-1946,117T,,,,,,#DIV/0!
17-B-1947,117T,,,,,,#DIV/0!
17-B-1948,117T,,,,,,#DIV/0!
17-B-1949,117T,,,,,,#DIV/0!
17-B-1950,117T,,,,,,#DIV/0!
17-B-1951,117T,,,,,,#DIV/0!
17-B-1952,117T,,,,,,#DIV/0!
17-B-1953,117T,,,,,,#DIV/0!
17-B-1954,117T,,,,,,#DIV/0!
17-B-1955,117T,,,,,,#DIV/0!
17-B-1956,117T,,,,,,#DIV/0!
17-B-1957,117T,,,,,,#DIV/0!
17-B-1958,117T,,,,,,#DIV/0!
17-B-1959,117T,,,,,,#DIV/0!
17-B-1960,117T,,,,,,#DIV/0!
17-B-1961,117T,,,,,,#DIV/0!
17-B-1962,117T,,,,,,#DIV/0!
17-B-1963,117T,,,,,,#DIV/0!
17-B-1964,117T,,,,,,#DIV/0!
17-B-1965,117T,,,,,,#DIV/0!
17-B-1966,117T,,,,,,#DIV/0!
17-B-1967,117T,,,,,,#DIV/0!
17-B-2124,65T,,0.919,69,70,68,69
17-B-2125,65T,,0.921,70,68,68,68.66666667
17-B-2126,65T,,0.921,69,69,71,69.66666667
17-B-2127,65T,,0.922,68,69,70,69
17-B-2128,65T,,0.92,71,70,69,70
17-B-2129,65T,,0.92,70,70,71,70.33333333
17-B-2130,65T,,0.92,69,68,71,69.33333333
17-B-2131,65T,,0.92,71,71,69,70.33333333
17-B-2132,65T,,0.921,72,72,71,71.66666667
17-B-2133,65T,,,,,,#DIV/0!
17-B-2134,65T,,0.9219,71,70,70,70.33333333
17-B-2135,65T,,0.9209,69,69,69,69
17-B-2136,65T,,.92.9,70,69,70,69.66666667
17-B-2137,65T,,,,,,#DIV/0!
17-B-2138,65T,,0.922,70,70,70,70
17-B-2139,65T,,0.923,70,70,70,70
17-B-2140,65T,,0.92,69,69,70,69.33333333
17-B-2141,65T,,0.93,71,71,70,70.66666667
17-B-2142,65T,,0.93,70,71,70,70.33333333
17-B-2143,65T,,0.92,70,69,69,69.33333333
17-B-2144,65T,,0.92,70,71,71,70.66666667
17-B-2145,65T,,0.92,69,70,69,69.33333333
17-B-2146,65T,,0.92,70,71,71,70.66666667
17-B-2147,65T,,0.92,69,69,69,69
17-B-2260,45T,,0.9217,69,70,70,69.66666667
17-B-2261,45T,,0.9213,70,70,71,70.33333333
17-B-2262,45T,,0.9212,72,70,70,70.66666667
17-B-2263,45T,,0.921,69,70,69,69.33333333
17-B-2264,45T,,0.9199,70,70,71,70.33333333
17-B-2265,45T,,0.9197,70,69,71,70
17-B-2266,45T,,0.9225,70,69,69,69.33333333
17-B-2267,45T,,0.9225,70,70,70,70
17-B-2268,45T,,0.9223,70,70,69,69.66666667
17-B-2269,45T,,0.9211,69,70,71,70
17-B-2186,117T,,0.921,70,70,72,70.66666667
17-B-2187,117T,,0.921,72,71,73,72
17-B-2188,117T,,0.9221,72,70,70,70.66666667
17-B-2189,117T,,0.9221,72,72,71,71.66666667
17-B-2190,117T,,0.9221,70,70,71,70.33333333
17-B-2191,117T,,0.922,70,70,71,70.33333333
17-B-2192,117T,,0.9216,70,70,70,70
17-B-2193,117T,,0.9211,70,72,71,70
17-B-2194,117T,,0.9216,71,71,71,71
17-B-2195,117T,,0.9216,70,70,70,#REF!
17-B-2196,117T,,0.9232,70,71,71,70.66666667
17-B2197,117T,,0.9232,72,72,72,72
17-B-2198,117T,,0.9222,70,70,70,70
17-B-2199,117T,,0.922,70,72,71,71
17-B-2200,117T,,0.922,70,71,71,70.66666667
17-B-2201,117T,,0.9226,71,71,71,71
17-B-2202,117T,,0.9224,70,70,71,70.33333333
17-B-2203,117T,,0.9224,72,70,70,70.66666667
17-B-2204,117T,,0.9232,71,70,72,71
17-B-2205,117T,,0.9226,70,69,71,70
17-B-2206,117T,,0.921,72,71,71,71.33333333
17-B-2207,117T,,0.9214,71,72,73,72
17-B-2208,117T,,0.9211,72,71,71,71.33333333
17-B-2209,117T,,0.921,71,71,71,71
17-B-2210,117T,,0.92,69,69,70,69.33333333
17-B-2211,117T,,0.921,70,70,70,70
17-B-2212,117T,,0.9221,71,70,71,#REF!
17-B-2213,117T,,0.9224,72,69,70,70.33333333
17-B-2214,117T,,0.922,71,72,73,72
17-B-2215,117T,,0.9226,70,69,70,69.66666667
17-B-2216,117T,,0.9234,71,70,71,70.66666667
17-B-2217,117T,,0.9229,72,70,71,71
17-B-2218,117T,,0.9215,71,70,70,70.33333333
17-B-2219,117T,,0.921,70,70,70,70
17-B-2220,117T,,0.922,70,70,71,70.33333333
17-B-2221,117T,,0.922,70,70,70,70
17-B-2222,117T,,0.923,70,70,70,70
17-B-2223,117T,,0.921,71,71,70,70.66666667
17-B-2224,117T,,0.922,69,69,70,69.33333333
17-B-2225,117T,,0.921,70,70,71,70.33333333
17-B-2226,117T,,0.923,70,70,70,70
17-B-2227,117T,,0.921,70,70,71,70.33333333
17-B-2228,117T,,0.922,70,70,71,70.33333333
17-B-2229,117T,,0.923,71,70,70,70.33333333
17-B-2230,117T,,0.921,70,70,70,70
17-B-2231,117T,,0.922,70,71,70,70.33333333
17-B-2232,117T,,0.922,70,70,70,70
17-B-2233,117T,,0.922,70,70,70,70
17-B-2234,117T,,0.923,70,70,68,69.33333333
17-B-2235,117T,,0.924,70,70,69,69.66666667
17-B-2236,117T,,0.922,71,70,72,71
17-B-2237,117T,,0.922,72,69,71,70.66666667
17-B-2238,117T,,0.923,70,69,70,69.66666667
17-B-2239,117T,,0.923,70,71,71,70.66666667
17-B-2240,117T,,0.921,70,70,71,70.33333333
17-B-2241,117T,,0.921,70,70,71,70.33333333
17-B-2242,117T,,0.922,71,71,71,71
17-B-2243,117T,,0.922,69,70,69,69.33333333
17-B-2244,117T,,0.922,71,71,70,70.66666667
17-B-2245,117T,,0.922,70,70,70,70
17-B-2246,117T,,0.922,69,70,69,69.33333333
17-B-2247,117T,,0.921,70,70,70,70
17-B-2248,117T,,0.924,70,70,71,70.33333333
17-B-2249,117T,,0.924,70,70,70,70
17-B-2260,45T,,0.922,69,70,70,69.66666667
17-B-2261,45T,,0.921,70,70,70,70
17-B-2262,45T,,0.921,71,70,71,70.66666667
17-B-2263,45T,,0.921,68,70,69,69
17-B-2264,45T,,0.92,72,69,70,70.33333333
17-B-2265,45T,,0.92,70,71,70,70.33333333
17-B-2266,45T,,0.923,69,68,70,69
17-B-2267,45T,,0.923,72,68,70,70
17-B-2268,45T,,0.922,70,70,71,70.33333333
17-B-2269,45T,,0.921,71,73,70,71.33333333
17-B-2270,65T,,0.921,70,70,70,70
17-B-2271,65T,,0.921,71,73,70,71.33333333
17-B-2272,65T,,0.922,72,71,72,71.66666667
17-B-2273,65T,,0.923,70,68,71,69.66666667
17-B-2274,65T,,0.922,71,69,70,70
17-B-2275,65T,,0.922,72,68,71,70.33333333
17-B-2276,65T,,0.92,73,70,71,71.33333333
17-B-2277,65T,,0.921,71,68,71,70
17-B-2278,65T,,0.921,70,68,70,69.33333333
17-B-2279,65T,,0.922,70,71,72,71
17-B-2280,65T,,0.922,70,70,70,70
17-B-2281,65T,,0.922,72,70,70,70.66666667
17-B-2282,65T,,0.922,70,70,70,70
17-B-2283,65T,,0.92,72,71,72,71.66666667
17-B-2284,65T,,0.922,68,70,70,69.33333333
17-B-2285,65T,,0.921,69,70,69,69.33333333
17-B-2370,117T,,0.9237,70,69,68,69
17-B-2371,117T,,0.9236,70,69,69,69.33333333
17-B-2372,117T,,0.923,71,70,70,70.33333333
17-B-2373,117T,,0.923,71,71,71,71
17-B-2374,117T,,0.924,73,72,70,71.66666667
17-B-2375,117T,,0.9235,70,70,71,70.33333333
17-B-2376,117T,,0.924,71,72,72,71.66666667
17-B-2377,117T,,0.923,70,70,69,69.66666667
17-B-2378,117T,,0.92,71,71,72,71.33333333
17-B-2379,117T,,0.921,70,72,71,71
17-B-2380,117T,,0.923,70,72,70,70.66666667
17-B-2381,117T,,0.923,71,72,72,71.66666667
17-B-2382,117T,,0.923,72,72,72,72
17-B-2383,117T,,0.924,71,72,72,71.66666667
17-B-2384,117T,,0.924,72,72,71,71.66666667
17-B-2385,117T,,0.924,71,72,72,71.66666667
17-B-2386,117T,,0.923,72,72,71,71.66666667
17-B-2387,117T,,0.922,72,71,72,71.66666667
17-B-2388,117T,,0.921,71,72,72,71.66666667
17-B-2389,117T,,0.922,71,70,70,70.33333333
17-B-2390,117T,,0.923,71,70,70,70.33333333
17-B-2391,117T,,0.923,70,71,71,70.66666667
17-B-2392,117T,,0.922,70,72,69,70.33333333
17-B-2393,117T,,0.922,72,72,71,71.66666667
17-B-2394,117T,,0.921,71,70,72,71
17-B-2395,117T,,0.921,70,69,72,70.33333333
17-B-2396,117T,,0.922,71,71,69,70.33333333
17-B-2397,117T,,0.923,68,72,71,70.33333333
17-B-2398,117T,,0.922,72,71,70,71
17-B-2399,117T,,0.922,70,72,72,71.33333333
17-B-2400,117T,,0.923,70,69,69,69.33333333
17-B-2401,117T,,0.923,69,71,70,70
17-B-2402,117T,,0.92,72,73,72,72.33333333
17-B-2403,117T,,0.923,71,72,72,71.66666667
17-B-2404,117T,,0.92,72,72,71,71.66666667
17-B-2405,117T,,0.919,71,72,72,71.66666667
17-B-2406,117T,,0.924,72,71,70,71
17-B-2407,117T,,0.924,70,70,72,70.66666667
17-B-2408,117T,,0.923,71,70,71,70.66666667
17-B-2409,117T,,0.9244,71,70,72,71
17-B-2410,117T,,0.923,70,71,70,70.33333333
17-B-2411,117T,,0.922,73,72,72,72.33333333
17-B-2412,117T,,0.9229,70,72,72,71.33333333
17-B-2413,117T,,0.9241,72,73,72,72.33333333
17-B-2414,117T,,0.9241,72,73,70,71.66666667
17-B-2415,117T,,0.9229,70,71,70,70.33333333
17-B-2416,117T,,0.9223,70,69,69,69.33333333
17-B-2417,117T,,0.9227,70,69,70,69.66666667
17-B-2418,117T,,0.9231,70,70,70,70
17-B-2419,117T,,0.92,71,69,72,70.66666667
17-B-2420,117T,,0.922,72,71,70,71
17-B-2421,117T,,0.922,71,70,70,70.33333333
17-B-2422,117T,,0.923,71,71,69,70.33333333
17-B-2423,117T,,0.923,69,69,69,69
17-B-2424,117T,,0.923,70,68,71,69.66666667
17-B-2425,117T,,0.922,70,72,70,70.66666667
17-B-2426,117T,,0.921,71,71,70,70.66666667
17-B-2427,117T,,0.921,70,70,72,70.66666667
17-B-2428,117T,,0.922,70,69,69,69.33333333
17-B-2429,117T,,0.922,69,71,70,70
17-B-2430,117T,,0.922,70,70,72,70.66666667
17-B-2431,117T,,0.921,71,70,71,70.66666667
17-B-2432,117T,,0.922,71,70,71,70.66666667
17-B-2433,117T,,0.921,70,70,70,70
17-B-2434,45T,,0.92,71,70,71,70.66666667
17-B-2435,45T,,0.919,70,70,69,69.66666667
17-B-2436,45T,,0.921,69,69,70,69.33333333
17-B-2437,45T,,0.922,71,71,70,70.66666667
17-B-2438,45T,,0.922,70,70,70,70
17-B-2439,45T,,0.922,70,71,71,70.66666667
17-B-2440,45T,,0.921,70,69,71,70
17-B-2441,45T,,0.922,71,71,71,71
17-B-2442,45T,,0.922,70,70,70,70
17-B-2443,45T,,0.922,69,69,69,69
17-B-2444,45T,,0.921,70,71,70,70.33333333
17-B-2445,45T,,0.922,70,70,70,70
17-B-2446,45T,,0.923,70,70,70,70
17-B-2447,45T,,0.922,70,69,68,69
17-B-2448,45T,,0.923,70,71,69,70
17-B-2449,45T,,0.922,70,70,70,70
17-B-2504,117T,,0.921,71,71,70,70.66666667
17-B-2505,117T,,0.92,70,72,70,70.66666667
17-B-2506,117T,,0.923,72,70,71,71
17-B-2507,117T,,0.923,72,71,72,71.66666667
17-B-2508,117T,,0.922,72,70,70,70.66666667
17-B-2509,117T,,0.924,71,71,69,70.33333333
17-B-2510,117T,,0.923,71,70,72,71
17-B-2511,117T,,0.924,73,72,71,72
17-B-2512,117T,,0.923,71,69,70,70
17-B-2513,117T,,0.923,70,71,71,70.66666667
17-B-2514,117T,,0.921,69,70,70,69.66666667
17-B-2515,117T,,0.921,70,72,71,71
17-B-2516,117T,,0.923,70,70,71,70.33333333
17-B-2517,117T,,0.922,70,70,69,69.66666667
17-B-2518,117T,,0.922,68,70,71,69.66666667
17-B-2519,117T,,0.922,70,70,70,70
17-B-2520,117T,,0.922,71,71,70,70.66666667
17-B-2521,117T,,0.921,70,69,72,70.33333333
17-B-2522,117T,,0.921,70,73,71,71.33333333
17-B-2523,117T,,0.921,70,69,69,69.33333333
17-B-2524,117T,,0.922,70,71,71,70.66666667
17-B-2525,117T,,0.92,71,72,70,71
17-B-2526,117T,,0.921,70,69,69,69.33333333
17-B-2527,117T,,0.925,70,71,70,70.33333333
17-B-2528,117T,,0.924,70,70,70,70
17-B-2529,117T,,0.923,70,70,71,70.33333333
17-B-2530,117T,,0.923,70,70,71,70.33333333
17-B-2531,117T,,0.922,71,70,70,70.33333333
17-B-2532,117T,,0.921,71,71,71,71
17-B-2533,117T,,0.922,70,70,71,70.33333333
17-B-2534,117T,,0.925,70,70,71,70.33333333
17-B-2535,117T,,0.924,70,70,70,70
17-B-2536,117T,,0.923,70,70,70,70
17-B-2537,117T,,0.922,71,71,71,71
17-B-2538,117T,,0.924,72,72,71,71.66666667
17-B-2539,117T,,0.923,69,70,69,69.33333333
17-B-2540,117T,,0.922,70,71,70,70.33333333
17-B-2541,117T,,0.923,70,70,69,69.66666667
17-B-2542,117T,,0.924,70,70,71,70.33333333
17-B-2543,117T,,0.923,70,70,70,70
17-B-2544,117T,,0.922,69,70,70,69.66666667
17-B-2545,117T,,0.921,72,70,71,71
17-B-2546,117T,,0.922,69,72,71,70.66666667
17-B-2547,117T,,0.922,70,72,69,70.33333333
17-B-2548,117T,,0.922,72,73,70,71.66666667
17-B-2549,,,0.92,69,70,70,69.66666667
17-B-2550,,,0.921,71,72,70,71
17-B-2551,,,0.923,70,68,71,69.66666667
17-B-2552,,,0.922,70,71,72,71
17-B-2553,,,0.923,69,69,70,69.33333333
17-B-2554,,,0.923,68,71,68,69
17-B-2555,,,0.922,72,72,69,71
17-B-2556,,,0.922,71,68,70,69.66666667
17-B-2557,,,0.921,66,68,72,71
17-B-2558,,,0.922,71,71,70,70.66666667
17-B-2559,,,0.921,72,69,71,70.66666667
17-B-2560,117T,,0.92,71,72,72,71.66666667
17-B-2561,117T,,0.92,70,71,70,70.33333333
17-B-2562,117T,,0.92,70,70,71,70.33333333
17-B-2563,117T,,0.92,70,71,70,70.33333333
17-B-2564,117T,,0.9353,71,70,71,70.66666667
17-B-2565,117T,,0.92,73,71,70,71.33333333
17-B-2566,117T,,0.9199,70,72,72,71.33333333
17-B-2567,117T,,0.92,73,72,72,72.33333333
17-B-2568,72T,,0.9226,71,70,71,70.66666667
17-B-2569,72T,,0.9216,70,71,71,70.66666667
17-B-2570,72T,,0.9219,71,71,71,71
17-B-2571,72T,,0.9221,69,71,69,69.66666667
17-B-2572,72T,,0.9223,71,70,70,70.33333333
17-B-2573,72T,,0.9223,72,70,70,70.66666667
17-B-2574,,,0.921,71,71,71,71
17-B-2575,72T,,0.922,69,70,71,70
17-B-2576,,,0.921,72,72,72,72
17-B-2577,,,0.921,71,71,71,71
17-B-2578,,,0.922,70,70,70,70
17-B-2579,,,0.921,71,71,71,71
17-B-2580,,,0.92,71,71,71,71
17-B-2581,,,0.921,71,71,71,71
17-B-2582,,,0.921,71,71,71,71
17-B-2583,65T,,0.92,70,69,71,70
17-B-2584,65T,,0.921,72,71,70,71
17-B-2585,65T,,0.921,71,71,71,71
17-B-2586,65T,,0.922,72,72,71,71.66666667
17-B-2587,65T,,0.9217,72,71,71,71.33333333
17-B-2588,65T,,0.92,72,71,71,71.33333333
17-B-2589,65T,,0.923,72,70,70,70.66666667
17-B-2590,65T,,0.923,72,71,71,71.33333333
17-B-2591,65T,,0.922,70,70,69,69.66666667
17-B-2592,65T,,0.923,70,70,69,69.66666667
17-B-2593,65T,,0.92,71,71,70,70.66666667
17-B-2594,65T,,0.922,72,71,70,71
17-B-2595,65T,,0.921,69,70,72,70.33333333
17-B-2596,65T,,0.922,72,71,70,71
17-B-2597,65T,,0.922,69,69,70,69.33333333
17-B-2598,65T,,0.922,69,70,69,69.33333333
17-B-2599,65T,,0.92,69,69,70,69.33333333
17-B-2600,,,,,,,#DIV/0!
17-B-2795,117T,,0.925,70,71,72,71
17-B-2796,117T,,0.921,69,70,70,69.66666667
17-B-2797,117T,,0.922,70,70,70,70
17-B-2798,117T,,0.925,71,70,72,71
17-B-2799,117T,,0.921,68,69,70,69
17-B-2800,117T,,0.922,68,68,72,69.33333333
17-B-2801,117T,,0.924,70,70,73,71
17-B-2802,117T,,0.922,70,70,70,70
17-B-2803,117T,,0.922,69,70,69,69.33333333
17-B-2804,117T,,0.924,70,72,69,70.33333333
17-B-2805,117T,,0.921,72,71,70,71
17-B-2806,117T,,0.923,69,69,69,69
17-B-2807,117T,,0.925,71,73,70,71.33333333
17-B-2808,117T,,0.921,71,72,70,71
17-B-2809,117T,,0.922,70,71,72,71
17-B-2810,117T,,0.922,71,71,69,70.33333333
17-B-2811,117T,,0.923,70,72,72,71.33333333
17-B-2812,117T,,0.921,71,73,71,71.66666667
17-B-2813,117T,,0.923,70,72,71,71
17-B-2814,117T,,0.924,70,72,70,70.66666667
17-B-2815,117T,,0.92,70,70,69,69.66666667
17-B-2816,117T,,0.923,72,71,70,71
17-B-2817,117T,,0.921,71,71,72,71.33333333
17-B-2818,117T,,0.921,71,72,72,71.66666667
17-B-2819,117T,,0.922,72,72,72,72
17-B-2820,117T,,0.923,70,73,72,71.66666667
17-B-2821,117T,,0.923,70,72,72,71.33333333
17-B-2822,117T,,0.922,70,70,70,70
17-B-2823,117T,,0.921,70,70,70,70
17-B-2824,117T,,0.923,71,71,70,70.66666667
17-B-2825,117T,,0.923,70,70,70,70
17-B-2826,117T,,0.9235,72,73,72,72.33333333
17-B-2827,117T,,0.9215,72,72,72,72
17-B-2828,117T,,0.9222,72,72,72,72
17-B-2829,117T,,0.9218,72,72,72,72
17-B-2830,117T,,0.9215,73,71,72,72
17-B-2831,117T,,0.9235,72,72,72,72
17-B-2832,117T,,0.9224,72,71,70,71
17-B-2833,117T,,0.9236,72,71,72,71.66666667
17-B-2834,117T,,0.9231,71,72,72,71.66666667
17-B-2835,117T,,0.9215,72,70,72,71.33333333
17-B-2836,117T,,0.9207,70,71,70,70.33333333
17-B-2837,117T,,0.9224,72,71,71,71.33333333
17-B-2838,117T,,0.923,71,70,71,70.66666667
17-B-2839,117T,,0.923,70,70,71,70.33333333
17-B-2840,117T,,0.923,73,71,71,71.66666667
17-B-2841,117T,,0.921,70,71,72,71
17-B-2842,117T,,0.922,70,70,72,70.66666667
17-B-2843,117T,,0.921,70,72,70,70.66666667
17-B-2844,117T,,0.921,70,71,70,70.33333333
17-B-2845,117T,,0.923,70,70,72,70.66666667
17-B-2846,117T,,0.923,71,71,71,71
17-B-2847,117T,,0.922,71,70,69,70
17-B-2848,117T,,0.921,69,70,71,70
17-B-2849,117T,,0.923,71,70,71,70.66666667
17-B-2850,117T,,0.922,70,70,68,69.33333333
17-B-2851,117T,,0.922,71,70,70,70.33333333
17-B-2852,117T,,0.922,71,69,71,70.33333333
17-B-2853,117T,,0.921,71,71,71,71
17-B-2854,117T,,0.922,70,70,70,70
17-B-2855,117T,,0.921,70,71,70,70.33333333
17-B-2856,117T,,0.92,71,71,71,71
17-B-2857,117T,,0.923,71,70,70,
17-B-2858,117T,,0.922,71,70,70,70.33333333
17-B-2859,117T,,0.921,71,70,70,70.33333333
17-B-2860,117T,,0.922,70,70,70,70
17-B-2861,117T,,0.923,70,71,70,70.33333333
17-B-2862,117T,,0.921,69,70,69,69.33333333
17-B-2863,117T,,0.922,70,70,70,70
17-B-2864,117T,,0.921,71,71,71,71
17-B-2865,117T,,0.922,72,72,71,71.66666667
17-B-2866,117T,,0.922,69,70,69,69.33333333
17-B-2867,117T,,0.922,70,71,70,70.33333333
17-B-2868,117T,,0.922,71,71,71,71
17-B-2869,117T,,0.921,71,71,71,71
17-B-2870,117T,,0.921,71,71,71,71
17-B-2871,117T,,0.922,71,70,71,70.66666667
17-B-2872,117T,,0.921,70,70,70,70
17-B-2873,72T,,0.9218,71,70,71,70.66666667
17-B-2874,72T,IAN,0.92,71,72,71,71.33333333
17-B-2875,72T,IAN,0.92,70,70,70,70
17-B-2876,72T,TARA,0.922,71,71,72,71.33333333
17-B-2877,72T,IAN,0.922,69,70,71,70
17-B-2878,72T,IAN,0.921,70,70,70,70
17-B-2879,72T,TARA,0.921,72,72,72,72
17-B-2880,72T,TARA,0.922,73,72,73,72.66666667
17-B-2881,72T,Tara,0.922,72,70,70,70.66666667
17-B-2882,72T,IAN,0.921,72,72,71,71.66666667
17-B-2883,72T,IAN,0.921,68,67,68,67.66666667
17-B-2884,72T,TARA,0.9212,72,72,73,72.33333333
17-B-2885,72T,TARA,0.922,72,73,73,72.66666667
17-B-2886,72T,IAN,0.922,70,72,71,71
17-B-2887,72T,TARA,0.9214,73,71,72,72
17-B-2888,72T,TARA,0.9219,72,71,70,71
17-B-2889,65T,DEREK,0.922,71,70,71,70.66666667
17-B-2890,65T,IAN,0.92,70,70,71,70.33333333
17-B-2891,65T,IAN,0.92,67,69,68,68
17-B-2892,65T,IAN,0.922,71,72,73,72
17-B-2893,65T,IAN,0.92,69,70,69,69.33333333
17-B-2894,65T,IAN,0.921,72,72,72,72
17-B-2895,65T,IAN,0.92,69,69,68,68.66666667
17-B-2896,65T,IAN,0.921,70,70,70,70
17-B-2897,65T,DEREK,0.922,70,70,69,69.66666667
17-B-2898,65T,IAN,0.92,71,71,71,71
17-B-2899,65T,DEREK,0.922,70,70,70,70
17-B-2900,65T,IAN,0.92,70,70,70,70
17-B-2901,65T,DEREK,0.921,71,71,70,70.66666667
17-B-2902,65T,IAN,0.922,70,70,70,70
17-B-2903,65T,IAN,0.921,72,70,69,70.33333333
17-B-2904,65T,IAN,0.921,69,68,69,68.66666667
17-B-2972,117T,TARA,0.92,69,69,69,69
17-B-2973,117T,TARA,0.92,70,70,70,70
17-B-2974,117T,TARA,0.92,71,71,71,71
17-B-2975,117T,TARA,0.92,71,71,71,71
17-B-2976,117T,SAM,0.92,70,70,70,70
17-B-2977,117T,SAM,0.92,70,70,70,70
17-B-2978,117T,TARA,0.923,72,72,72,72
17-B-2979,117T,TARA,0.924,72,72,72,72
17-B-2980,117T,TARA,0.92,70,71,71,70.66666667
17-B-2981,117T,TARA,0.92,71,70,70,70.33333333
17-B-2982,117T,SAM,0.92,72,73,72,72.33333333
17-B-2983,117T,SAM,0.92,70,71,72,71
17-B-2984,117T,SAM,0.92,71,71,71,71
17-B-2985,117T,SAM,0.92,70,72,70,70.66666667
17-B-2986,117T,SAM,0.92,71,71,70,70.66666667
17-B-2987,117T,SAM,0.92,71,70,72,71
17-B-2988,117T,TARA,0.92,70,70,70,70
17-B-2989,117T,SAM,0.92,71,70,72,71
17-B-2990,117T,SAM,0.92,71,73,71,71.66666667
17-B-2991,117T,SAM,0.92,70,70,70,70
17-B-2992,117T,SAM,0.92,70,70,70,70
17-B-2993,117T,SAM,0.92,70,70,70,70
17-B-2994,117T,SAM,0.92,72,72,72,72
17-B-2995,117T,TARA,0.92,71,71,71,71
17-B-2996,117T,TARA,0.92,71,71,71,71
17-B-2997,117T,TARA,0.92,70,70,70,70
17-B-2998,117T,TARA,0.92,69,69,69,69
17-B-2999,117T,TARA,0.92,71,71,71,71
17-B-3000,117T,TARA,0.92,71,71,71,71
17-B-3001,117T,SAM,0.92,72,72,72,72
17-B-3002,117T,SAM,0.92,70,70,70,70
17-B-3003,117T,SAM,0.92,71,71,71,71
17-B-3004,117T,SAM,0.92,72,72,72,72
17-B-3005,117T,TIFFANY,0.92,71,71,71,71
17-B-3006,117T,LOIS,0.93,70,70,70,70
17-B-3007,117T,LOIS,0.92,70,70,70,70
17-B-3008,117T,LOIS,0.92,71,71,71,71
17-B-3009,117T,LOIS,0.92,69,69,69,69
17-B-3010,117T,LOIS,0.92,70,70,70,70
17-B-3011,117T,LOIS,0.92,71,71,71,71
17-B-3012,117T,LOIS,0.92,70,70,70,70
17-B-3013,117T,LOIS,0.92,70,70,71,70.33333333
17-B-3014,117T,LOIS,0.92,69,69,69,69
17-B-3015,117T,LOIS,0.92,72,72,72,72
17-B-3016,117T,IAN,0.92,70,71,71,70.66666667
17-B-3017,117T,IAN,0.92,70,71,70,70.33333333
17-B-3018,117T,IAN,0.92,70,71,70,70.33333333
17-B-3019,117T,IAN,0.92,72,71,72,71.66666667
17-B-3020,117T,IAN,0.92,71,69,70,70
17-B-3021,117T,IAN,0.92,70,72,71,71
17-B-3022,117T,IAN,0.92,70,70,70,70
17-B-3023,117T,IAN,0.92,70,70,71,70.33333333
17-B-3024,117T,IAN,0.92,71,70,69,70
17-B-3025,117T,IAN,0.92,71,70,70,70.33333333
17-B-3026,117T,IAN,0.92,70,71,70,70.33333333
17-B-3027,117T,DEREK,0.92,70,71,71,70.66666667
17-B-3028,117T,DEREK,0.92,71,70,71,70.66666667
17-B-3029,117T,DEREK,0.92,73,71,72,72
17-B-3030,117T,DEREK,0.92,68,71,72,70.33333333
17-B-3031,117T,DEREK,0.92,72,71,72,71.66666667
17-B-3032,117T,DEREK,0.92,70,72,72,71.33333333
17-B-3033,117T,DEREK,0.92,70,72,72,71.33333333
17-B-3034,117T,DEREK,0.92,70,72,72,71.33333333
17-B-3035,117T,DEREK,0.92,71,71,71,71
17-B-3036,117T,TIFFANY,0.921,69,70,70,69.66666667
17-B-3037,117T,TIFFANY,0.922,71,72,70,71
17-B-3038,117T,TIFFANY,0.922,69,72,69,70
17-B-3039,117T,TIFFANY,0.921,68,69,68,68.33333333
17-B-3040,117T,TIFFANY,0.922,70,69,70,69.66666667
17-B-3041,117T,TIFFANY,0.921,69,70,69,69.33333333
17-B-3042,117T,TIFFANY,0.922,70,70,70,70
17-B-3043,117T,TIFFANY,0.923,70,71,70,70.33333333
17-B-3044,117T,TIFFANY,0.922,70,71,71,70.66666667
17-B-3045,117T,TIFFANY,0.922,72,72,72,72
18-B-13,117T,DEREK/SAM,0.922,70,70,69,69.66666667
18-B-14,117T,DEREK/SAM,0.922,70,70,71,70.33333333
18-B-15,117T,DEREK/SAM,0.921,69,69,70,69.33333333
18-B-16,117T,DEREK/SAM,0.921,71,72,71,71.33333333
18-B-17,117T,DEREK/SAM,0.921,72,72,70,71.33333333
18-B-18,117T,DEREK/SAM,0.922,70,70,69,69.66666667
18-B-19,117T,DEREK/SAM,0.923,70,70,70,70
18-B-20,117T,DEREK/SAM,0.922,71,70,71,70.66666667
18-B-21,117T,DEREK/SAM,0.921,70,70,70,70
18-B-22,117T,DEREK/SAM,0.922,70,70,69,69.66666667
18-B-23,117T,DEREK/SAM,0.921,70,70,70,70
18-B-24,117T,DEREK/SAM,0.922,69,71,70,70
18-B-25,117T,DEREK/SAM,0.922,70,72,70,70.66666667
18-B-26,117T,DEREK/SAM,0.922,69,70,68,69
18-B-27,117T,TARA,0.922,73,71,72,72
18-B-28,117T,TARA,0.922,72,72,73,72.33333333
18-B-29,117T,TARA,0.9229,71,70,70,70.33333333
18-B-30,117T,TARA,0.923,72,70,71,71
18-B-31,117T,TARA,0.923,72,70,70,70.66666667
18-B-32,117T,TARA,0.923,70,70,70,70
18-B-33,117T,SAM,0.922,72,71,69,70.66666667
18-B-34,117T,SAM,0.923,71,72,71,71.33333333
18-B-35,117T,SAM,0.923,71,71,70,70.66666667
18-B-36,117T,SAM,0.923,69,69,70,69.33333333
18-B-37,117T,SAM,0.924,71,71,70,70.66666667
18-B-38,117T,SAM,0.924,69,69,70,69.33333333
18-B-39,117T,SAM,0.924,70,72,71,71
18-B-40,117T,SAM,0.923,69,69,69,69
18-B-41,117T,SAM,0.923,70,70,72,70.66666667
18-B-42,117T,SAM,0.922,70,70,70,70
18-B-43,72T,DEREK,0.921,71,70,7,49.33333333
18-B-44,72T,DEREK,0.92,69,70,69,69.33333333
18-B-45,72T,DEREK,0.921,70,70,70,70
18-B-46,72T,DEREK,0.922,70,70,71,70.33333333
18-B-47,72T,DEREK,0.921,70,71,71,70.66666667
18-B-48,72T,TIFFANY,0.922,71,71,71,71
18-B-49,72T,TIFFANY,0.921,72,72,72,72
18-B-50,72T,TIFFANY,0.922,71,72,70,71
18-B-51,72T,TIFFANY,0.922,70,71,72,71
18-B-52,72T,TIFFANY,0.921,71,72,73,72
18-B-53,72T,TIFFANY,0.923,71,69,69,69.66666667
18-B-54,72T,TIFFANY,0.922,72,72,71,71.66666667
18-B-55,72T,TIFFANY,0.921,71,72,71,71.33333333
18-B-56,72T,DEREK,0.921,70,70,70,70
18-B-57,72T,TIFFANY,0.921,71,71,72,71.33333333
18-B-58,72T,DEREK,0.921,69,69,70,69.33333333
18-B-59,117T,LINDSEY,0.9236,70,70,70,70
18-B-60,117T,LINDSEY,0.922,70,71,70,70.33333333
18-B-61,117T,LINDSEY,0.927,72,70,71,71
18-B-62,117T,LINDSEY,0.922,70,70,70,70
18-B-63,117T,LINDSEY,0.923,71,72,70,71
18-B-64,117T,LINDSEY,0.923,71,70,70,70
18-B-65,117T,LINDSEY,0.924,72,71,71,71.33333333
18-B-66,117T,LINDSEY,0.923,71,71,73,71.66666667
18-B-67,117T,LINDSEY,0.922,71,71,70,70.66666667
18-B-68,117T,SAM,0.9225,70,71,70,70
18-B-69,117T,SAM,0.9241,72,71,72,71.66666667
18-B-70,117T,SAM,0.9234,72,71,72,71.66666667
18-B-71,117T,SAM,0.9219,70,70,71,70.33333333
18-B-72,117T,SAM,0.922,72,72,72,72
18-B-73,117T,SAM,0.922,71,72,72,71.66666667
18-B-74,117T,SAM,0.923,72,72,72,72
18-B-75,117T,SAM,0.9228,70,70,70,70
18-B-76,117T,SAM,0.9228,70,70,69,69.66666667
18-B-77,117T,SAM,0.9236,70,72,69,70.33333333
18-B-78,117T,SAM,0.9228,71,72,70,71
18-B-79,117T,SAM,0.921,71,72,71,71.33333333
18-B-80,117T,SAM,0.923,70,69,70,69.66666667
18-B-81,117T,SAM,0.922,70,71,70,70.33333333
18-B-82,117T,SAM,0.922,69,69,70,69.33333333
18-B-83,117T,SAM,0.922,71,71,69,70.33333333
18-B-84,117T,SAM,0.921,70,71,71,70.66666667
18-B-85,117T,SAM,0.922,72,72,70,71.33333333
18-B-86,117T,SAM,0.922,72,72,71,71.66666667
18-B-87,117T,SAM,0.92,72,72,71,71.66666667
18-B-88,117T,SAM,0.922,70,72,71,71
18-B-89,117T,SAM,0.921,71,71,70,70.66666667
18-B-90,117T,SAM,0.923,70,71,72,71
18-B-91,117T,SAM,0.923,69,70,70,69.66666667
18-B-92,117T,SAM,0.923,71,71,70,70.66666667
18-B-93,117T,SAM,0.923,70,70,69,69.66666667
18-B-94,117T,SAM,0.922,70,70,70,70
18-B-95,117T,SAM,0.922,71,71,70,70.66666667
18-B-96,117T,SAM,0.923,70,69,70,69.66666667
18-B-97,117T,SAM,0.922,71,71,70,70.66666667
18-B-98,117T,SAM,0.923,70,72,72,71.33333333
18-B-99,117T,SAM,0.922,70,72,71,71
18-B-100,117T,SAM,0.922,70,69,71,70
18-B-101,117T,SAM,0.922,71,70,70,70.33333333
18-B-102,117T,SAM,0.922,70,72,72,71.33333333
18-B-103,117T,SAM,0.921,72,70,70,70.66666667
18-B-104,117T,SAM,0.923,70,69,70,69.66666667
18-B-105,117T,SAM,0.923,70,70,70,70
18-B-106,117T,SAM,0.923,72,71,71,71.33333333
18-B-107,117T,SAM,0.921,70,70,70,70
18-B-108,117T,SAM,0.921,71,70,70,70.33333333
18-B-109,117T,SAM,0.921,70,69,71,70
18-B-110,117T,SAM,0.921,70,69,70,69.66666667
18-B-111,117T,SAM,0.921,69,70,71,70
18-B-112,117T,SAM,0.92,70,71,70,70.33333333
18-B-113,117T,SAM,0.922,70,72,71,71
18-B-114,117T,SAM,0.922,69,69,71,69.66666667
18-B-115,117T,SAM,0.924,72,72,71,71.66666667
18-B-116,117T,SAM,0.924,70,73,71,71.33333333
18-B-117,117T,SAM,0.923,71,71,72,71.33333333
18-B-118,117T,SAM,0.921,72,71,70,71
18-B-119,117T,DEREK,0.922,71,71,71,71
18-B-120,117T,DEREK,0.922,71,71,71,71
18-B-121,117T,DEREK,0.922,70,70,70,70
18-B-122,117T,DEREK,0.921,70,70,70,70
18-B-123,117T,DEREK,0.923,70,70,70,70
18-B-124,117T,DEREK,0.922,71,71,71,71
18-B-125,117T,DEREK,0.922,70,70,70,70
18-B-126,117T,DEREK,0.921,69,69,69,69
18-B-127,117T,DEREK,0.922,72,72,72,72
18-B-128,117T,DEREK,0.921,71,71,71,71
18-B-129,117T,DEREK,0.92,70,70,70,70
18-B-130,117T,DEREK,0.921,70,70,70,70
18-B-131,117T,DEREK,0.922,71,71,71,71
18-B-132,117T,TIFFANY,0.921,70,70,70,70
18-B-133,117T,TIFFANY,0.921,72,72,71,71.66666667
18-B-134,117T,TIFFANY,0.922,70,72,71,71
18-B-135,117T,TIFFANY,0.922,70,70,70,70
18-B-136,117T,TIFFANY,0.921,69,69,69,69
18-B-137,117T,TIFFANY,0.922,71,71,71,71
18-B-138,117T,TIFFANY,0.923,72,72,72,72
18-B-251,90T,DEREK,0.92,71,71,70,70.66666667
18-B-252,,,,,,,#DIV/0!
18-B-253,117T,TIFFANY,0.923,70,71,70,70.33333333
18-B-254,117T,TIFFANY,0.924,72,72,72,72
18-B-255,117T,TIFFANY,0.922,71,71,70,70.66666667
18-B-256,117T,TIFFANY,0.923,72,70,70,70.66666667
18-B-257,117T,TIFFANY,0.921,68,71,72,70.33333333
18-B-258,117T,TIFFANY,0.923,69,69,69,69
18-B-259,117T,TIFFANY,0.922,69,69,71,69.66666667
18-B-260,117T,TIFFANY,0.922,71,71,71,71
18-B-261,117T,DEREK,0.921,71,70,71,70.66666667
18-B-262,117T,DEREK,0.921,71,71,70,70.66666667
18-B-263,117T,DEREK,0.921,70,70,70,70
18-B-264,117T,DEREK,0.922,71,71,70,70.66666667
18-B-265,117T,DEREK,0.922,70,70,71,70.33333333
18-B-266,117T,DEREK,0.922,70,70,70,70
18-B-267,117T,DEREK,0.922,69,70,69,69.33333333
18-B-268,117T,KAREN,0.927,70,69,71,70
18-B-269,117T,KAREN,0.926,69,68,69,69
18-B-270,117T,KAREN,0.925,70,71,69,70
18-B-271,117T,KAREN,0.927,70,69,68,69
18-B-272,117T,KAREN,0.926,68,69,70,69
18-B-273,117T,KAREN,0.927,70,71,70,70
18-B-274,117T,KAREN,0.922,69,71,70,70
18-B-275,117T,KAREN,0.926,70,71,70,71
18-B-276,117T,LOIS,0.927,71,70,71,70.66666667
18-B-277,117T,LOIS,0.925,70,69,69,69.33333333
18-B-278,117T,LOIS,0.927,70,71,71,70.66666667
18-B-279,117T,LOIS,0.929,70,69,70,69.66666667
18-B-280,117T,LOIS,0.929,70,71,71,70.66666667
18-B-281,117T,LOIS,0.926,71,71,70,70.66666667
18-B-282,117T,LOIS,0.928,70,70,70,70
18-B-283,117T,LOIS,0.929,69,70,69,69.33333333
18-B-284,117T,LOIS,0.927,71,71,71,71
18-B-285,117T,LOIS,0.927,71,70,71,70.66666667
18-B-286,117T,LOIS,0.925,70,70,69,69.66666667
18-B-287,117T,LOIS,0.929,71,70,71,70.66666667
18-B-288,117T,LOIS,0.927,70,70,70,70
18-B-289,117T,LOIS,0.926,70,69,71,70
18-B-290,117T,LOIS,0.925,71,71,70,70.66666667
18-B-291,117T,LOIS,0.927,71,71,71,71
18-B-292,117T,LOIS,0.929,69,69,70,69.33333333
18-B-293,117T,LOIS,0.926,70,71,71,70.66666667
18-B-294,117T,LOIS,0.927,71,71,70,70.66666667
18-B-295,117T,LOIS,0.927,70,70,69,69.66666667
18-B-296,117T,LOIS,0.929,70,69,71,70
18-B-297,117T,LOIS,0.927,71,70,71,70.66666667
18-B-298,117T,LOIS,0.929,70,70,69,69.66666667
18-B-299,117T,LOIS,0.927,71,71,71,71
18-B-300,117T,LOIS,0.927,69,69,69,69
18-B-301,117T,LOIS,0.929,70,69,69,69.33333333
18-B-302,117T,LOIS,0.929,70,69,69,69.33333333
18-B-303,117T,LOIS,0.927,70,70,70,70
18-B-304,117T,DEREK,0.922,70,70,70,70
18-B-305,117T,LOIS,0.925,70,70,70,70
18-B-306,117T,LOIS,0.92,69,69,70,69.33333333
18-B-307,117T,LOIS,0.92,69,69,69,69
18-B-308,117T,LOIS,0.921,69,69,69,69
18-B-309,117T,LOIS,0.922,70,69,69,69.33333333
18-B-310,117T,LOIS,0.921,70,70,70,70
18-B-238,90T,TIFFANY,0.921,72,71,71,71.33333333
18-B-239,90T,TIFFANY,0.92,72,71,72,71.66666667
18-B-240,90T,IAN,0.921,71,72,69,70.66666667
18-B-241,90T,TIFFANY,0.921,70,69,71,70
18-B-242,90T,TIFFANY,0.922,72,70,71,71
18-B-243,90T,TIFFANY,0.921,70,70,71,70.33333333
.18-B-244,90T,TIFFANY,0.922,69,70,69,69.33333333
18-B-245,90T,IAN,0.924,71,69,70,70
18-B-246,90T,TIFFANY,0.921,70,69,72,70.33333333
18-B-247,90T,TIFFANY,0.921,70,70,70,70
18-B-248,90T,TIFFANY,0.921,70,70,71,70.33333333
18-B-249,90T,IAN,0.921,70,69,72,70.33333333
18-B-250,90T,TIFFANY,0.921,72,69,70,70.33333333
18-B-251,90T,DEREK,0.922,70,71,70,70.33333333
18-B-323,117T,DEREK,0.92,70,70,71,70.33333333
18-B-324,117T,DEREK,0.921,71,71,71,71
18-B-464,117T,TIFFANY,0.922,71,70,70,70.33333333
18-B-465,117T,TIFFANY,0.922,70,71,72,71
18-B-466,117T,TIFFANY,0.922,72,71,71,71.33333333
18-B-467,117T,TIFFANY,0.922,69,70,69,69.33333333
18-B-468,117T,TIFFANY,0.922,71,71,72,71.33333333
18-B-469,117T,TIFFANY,0.922,70,71,71,70.66666667
18-B-470,117T,TIFFANY,0.921,71,72,70,71
18-B-471,117T,TIFFANY,0.922,72,71,71,71.33333333
18-B-472,117T,TIFFANY,0.922,70,70,71,70.33333333
18-B-473,117T,TIFFANY,0.922,71,70,69,70
18-B-474,117T,TIFFANY,0.922,71,71,71,71
18-B-475,117T,TIFFANY,0.922,71,70,71,70.66666667
18-B-476,117T,TIFFANY,0.921,69,72,71,70.66666667
18-B-477,117T,TIFFANY,0.922,71,72,70,71
18-B-478,117T,TIFFANY,0.922,70,69,71,70
18-B-479,117T,TIFFANY,0.923,70,71,69,70
18-B-480,117T,TIFFANY,0.923,70,70,71,70.33333333
18-B-481,117T,ALEC,0.923,72,71,71,71.33333333
18-B-482,117T,ALEC,0.922,71,72,72,71.66666667
18-B-483,117T,ALEC,0.923,72,71,72,71.66666667
18-B-484,117T,ALEC,0.923,70,72,70,70.66666667
18-B-485,117T,ALEC,0.923,70,71,71,70.66666667
18-B-486,117T,ALEC,0.922,72,71,70,71
18-B-487,117T,ALEC,0.922,71,70,72,71
18-B-488,117T,ALEC,0.922,72,70,71,71
18-B-489,117T,ALEC,0.922,71,71,72,71.33333333
18-B-490,117T,SAM,0.923,72,70,72,71.33333333
18-B-491,117T,SAM,0.922,70,71,72,71
18-B-492,117T,SAM,0.921,69,71,71,70.33333333
18-B-493,117T,SAM,0.921,70,72,70,70.66666667
18-B-494,117T,SAM,0.922,70,71,71,70.66666667
18-B-495,117T,SAM,0.923,71,72,71,71.33333333
18-B-496,45T,TIFFANY,0.92,68,69,70,69
18-B-497,45T,TIFFANY,0.921,71,70,72,71
18-B-498,45T,TIFFANY,0.92,69,70,69,69.33333333
18-B-499,45T,TIFFANY,0.921,69,72,72,71
18-B-500,45T,TIFFANY,0.921,69,68,68,68.33333333
18-B-501,45T,TIFFANY,0.92,69,69,69,69
18-B-502,45T,TIFFANY,0.92,72,70,71,71
18-B-503,45T,TIFFANY,0.92,71,70,73,71.33333333
18-B-504,45T,BRENDAN,0.922,71,71,71,71
18-B-505,45T,BRENDAN,0.921,70,72,69,70.33333333
18-B-506,45T,BRENDAN,0.922,70,70,71,70.33333333
18-B-507,45T,DEREK,0.921,70,69,70,69.66666667
18-B-508,45T,DEREK,0.922,72,71,68,70.33333333
18-B-509,45T,DEREK,0.92,69,72,70,70.33333333
18-B-510,45T,DEREK,0.922,71,69,72,70.66666667
18-B-511,45T,DEREK,0.921,70,72,70,70.66666667
18-B-512,45T,DEREK,0.922,68,71,71,70
18-B-513,45T,DEREK,0.925,72,69,69,70
18-B-514,45T,DEREK,0.92,71,70,72,71
18-B-515,65T,IAN,0.919,68,71,71,70
18-B-516,65T,IAN,0.92,69,70,70,69.66666667
18-B-517,65T,IAN,0.921,72,72,72,72
18-B-518,65T,IAN,0.921,71,71,71,71
18-B-519,65T,IAN,0.921,68,71,69,69.33333333
18-B-520,65T,IAN,0.921,70,68,69,69
18-B-521,65T,IAN,0.917,72,69,71,70.66666667
18-B-522,65T,IAN,0.917,70,71,70,70.33333333
18-B-523,65T,IAN,0.917,70,70,70,70
18-B-524,65T,IAN,0.917,69,72,71,70.66666667
18-B-525,65T,IAN,0.917,71,69,69,69.66666667
18-B-526,65T,IAN,0.922,71,70,71,70.66666667
18-B-527,65T,IAN,0.922,72,71,72,71.66666667
18-B-528,65T,IAN,0.921,69,69,69,69
18-B-529,65T,IAN,0.922,70,70,70,70
18-B-530,65T,IAN,0.92,69,70,68,69
18-B-531,65T,IAN,0.921,71,72,71,71.33333333
18-B-532,65T,IAN,0.925,71,71,71,71
18-B-533,65T,IAN,0.924,71,71,71,71
18-B-534,65T,TIFFANY,0.922,70,70,70,70
18-B-535,65T,TIFFANY,0.921,69,69,71,69.66666667
18-B-536,65T,TIFFANY,0.922,70,72,70,70.66666667
18-B-537,65T,TIFFANY,0.921,70,70,71,70.33333333
18-B-538,65T,TIFFANY,0.921,69,68,70,69
18-B-679,65T,BK,0.921,71,71,71,71
18-B-680,65T,DC,0.922,70,70,71,70.33333333
18-B-681,65T,TIFFANY,0.923,69,70,71,70
18-B-682,65T,DC,0.921,70,70,70,70
18-B-683,65T,TIFFANY,0.922,69,70,69,69.33333333
18-B-684,65T,TIFFANY,0.922,70,69,69,69.33333333
18-B-685,65T,TIFFANY,0.921,70,70,71,70.33333333
18-B-686,65T,TIFFANY,0.922,68,71,71,70
18-B-687,65T,DC,0.921,71,71,71,71
18-B-688,65T,TIFFANY,0.921,69,71,70,70
18-B-689,65T,TIFFANY,0.921,72,70,70,70.66666667
18-B-690,65T,TIFFANY,0.921,70,70,70,70
18-B-691,65T,TIFFANY,0.922,70,71,72,71
18-B-692,65T,DC,0.921,70,70,70,70
18-B-693,65T,TIFFANY,0.922,69,69,69,69
18-B-694,65T,TIFFANY,0.921,70,70,72,70.66666667
18-B-695,65T,DC,0.92,70,70,70,70
18-B-696,65T,DC,0.922,70,71,71,70.66666667
18-B-697,65T,DC,0.921,69,70,69,69.33333333
18-B-698,65T,DC,0.921,70,70,70,70
18-B-699,65T,DC,0.921,70,70,70,70
18-B-700,65T,DC,0.92,70,69,69,69.33333333
18-B-701,65T,DC,0.92,70,70,70,70
18-B-702,65T,DC,0.921,71,71,71,71
18-B-703,65T,DC,0.921,70,71,71,70.66666667
18-B-704,65T,TIFFANY,0.921,68,70,70,69.33333333
18-B-705,65T,TIFFANY,0.921,70,70,70,70
18-B-706,65T,TIFFANY,0.921,72,68,69,69.66666667
18-B-707,65T,TIFFANY,0.922,69,70,71,70
18-B-708,65T,TIFFANY,0.922,69,72,72,71
18-B-709,65T,TIFFANY,0.921,70,69,70,69.66666667
18-B-710,65T,ALEC,0.921,71,71,71,71
18-B-711,65T,TIFFANY,0.922,69,70,72,70.33333333
18-B-712,65T,TIFFANY,0.922,69,69,70,69.33333333
18-B-713,65T,DC,0.923,70,70,71,70.33333333
18-B-714,65T,DC,0.922,70,70,70,70
18-B-715,65T,TIFFANY,,71,71,70,70.66666667
18-B-716,65T,DC,0.923,70,71,71,70.66666667
18-B-717,65T,TIFFANY,0.92,70,69,69,69.33333333
18-B-718,65T,TIFFANY,0.923,70,69,70,69.66666667
18-B-719,65T,DC,0.921,71,70,71,70.66666667
18-B-720,65T,DC,0.921,72,71,72,71.66666667
18-B-721,65T,DC,0.921,70,70,70,70
18-B-722,65T,DC,0.921,70,70,70,70
18-B-723,65T,DC,0.921,70,70,70,70
18-B-724,65T,DC,0.92,70,70,70,70
18-B-725,65T,DC,0.921,70,70,70,70
18-B-726,65T,DC,0.92,71,70,71,70.66666667
18-B-727,65T,ALEC,0.922,71,71,71,71
18-B-728,65T,ALEC,0.924,72,72,72,72
18-B-866,45T,TIFFANY,0.922,72,72,70,71
18-B-867,45T,TIFFANY,0.921,72,71,71,71
18-B-868,45T,TIFFANY,0.922,70,72,71,70
18-B-869,45T,TIFFANY,0.924,71,71,70,71
18-B-870,65T,TIFFANY,0.922,70,71,69,70
18-B-871,65T,TIFFANY,0.921,70,70,71,70
18-B-872,65T,TIFFANY,0.922,71,71,73,72
18-B-873,65T,TIFFANY,0.921,70,71,72,71
18-B-874,65T,TIFFANY,0.922,71,71`,70,71
18-B-875,65T,TIFFANY,0.921,72,73,71,72
18-B-876,65T,TIFFANY,0.922,71,71,70,71
18-B-877,65T,TIFFANY,0.922,73,72,72,72
18-B-878,65T,TIFFANY,0.922,71,71,70,71
18-B-879,65T,TIFFANY,0.922,70,70,69,70
18-B-880,65T,TIFFANY,0.922,71,70,71,71
18-B-881,65T,TIFFANY,0.922,69,70,71,70
18-B-882,65T,ROBYN,0.923,,,,72
18-B-883,65T,ROBYN,0.923,,,,72
18-B-884,65T,ROBYN,0.922,,,,73
18-B-885,65T,ROBYN,0.922,,,,73
18-B-886,65T,ROBYN,0.923,,,,72
18-B-887,65T,TIFFANY,0.921,69,70,70,70
18-B-888,65T,TIFFANY,0.922,70,70,70,70
18-B-889,65T,TIFFANY,0.922,72,69,71,71
18-B-890,65T,TIFFANY,0.922,69,68,72,70
18-B-891,65T,TIFFANY,0.923,72,72,72,72
18-B-892,65T,TIFFANY,0.922,70,70,70,70
18-B-893,65T,TIFFANY,0.921,69,70,71,70
18-B-894,117T,ALEC,0.922,70,72,71,71
18-B-895,117T,ALEC,0.922,71,73,71,72
18-B-896,117T,ALEC,0.922,69,71,72,71
18-B-897,117T,ALEC,0.923,72,72,72,72
18-B-898,117T,ALEC,0.922,71,72,71,71
18-B-899,117T,ALEC,0.922,71,72,72,72
18-B-900,117T,ALEC,0.923,72,71,73,72
18-B-901,117T,ALEC,0.923,72,70,71,71
18-B-902,117T,ALEC,0.922,71,71,72,71
18-B-903,117T,ALEC,0.923,72,73,73,73
18-B-904,117T,ALEC,0.922,71,73,72,72
18-B-905,117T,TIFFANY,0.922,70,72,70,71
18-B-906,117T,TIFFANY,0.922,72,72,71,72
18-B-907,117T,TIFFANY,0.921,72,71,70,71
18-B-908,117T,TIFFANY,0.922,70,71,72,71
18-B-909,117T,TIFFANY,0.922,72,72,71,72
18-B-910,117T,TIFFANY,0.922,71,73,71,72
18-B-911,117T,TIFFANY,0.923,71,71,70,71
18-B-912,117T,TIFFANY,0.922,71,72,72,72
18-B-913,117T,TIFFANY,0.922,72,72,72,72
18-B-914,117T,TIFFANY,0.923,70,70,69,70
18-B-915,117T,TIFFANY,0.923,72,72,72,72
18-B-916,116T,CANDACE,0.92,69,68,68,68
18-B-917,112T,CANDACE,0.92,65,70,70,69
18-B-918,113T,CANDACE,0.92,65,67,68,67
18-B-919,115T,CANDACE,0.93,70,72,71,67
18-B-920,117T,CANDACE,0.92,66,66,68,67
18-B-921,117T,ALEC,0.923,69,71,71,70
18-B-922,117T,ALEC,0.923,72,70,72,71
18-B-923,117T,TIFFANY,0.922,71,70,72,71
18-B-924,117T,TIFFANY,0.922,70,70,70,70
18-B-925,117T,TIFFANY,0.923,70,71,71,71
18-B-926,117T,TIFFANY,0.922,72,72,72,72
18-B-927,117T,TIFFANY,0.922,72,71,72,72
18-B-928,117T,TIFFANY,0.923,71,72,72,72
18-B-929,117T,TIFFANY,0.922,72,71,71,71
18-B-930,117T,TIFFANY,0.921,71,71,71,71
18-B-931,117T,LOIS,0.922,71,71,71,71
18-B-932,117T,LOIS,0.922,71,71,71,71
18-B-933,117T,LOIS,0.92,70,70,71,70
18-B-934,117T,CANDACE,0.92,70,70,70,70
18-B-935,117T,CANDACE,0.92,64,65,64,64
18-B-936,119T,CANDACE,0.92,64,70,69,68
18-B-937,117T,CANDACE,0.92,66,68,67,67
18-B-938,117T,CANDACE,0.92,68,67,69,68
18-B-939,117T,CANDACE,0.92,65,69,70,68
18-B-940,119T,CANDACE,0.92,68,70,67,68
18-B-941,119T,CANDACE,0.92,67,66,67,67
18-B-1079,117T,TIFFANY,0.922,71,71,72,71
18-B-1080,117T,TIFFANY,0.923,69,72,72,71
18-B-1081,117T,TIFFANY,0.922,72,72,73,72
18-B-1082,117T,TIFFANY,0.922,70,72,71,71
18-B-1083,117T,IAN,0.921,70,70,70,70
18-B-1084,117T,TIFFANY,0.922,70,70,73,71
18-B-1085,117T,TIFFANY,0.922,70,70,71,70
18-B-1086,117T,TIFFANY,0.921,71,71,73,72
18-B-1087,117T,TIFFANY,0.921,69,71,70,70
18-B-1088,117T,TIFFANY,0.922,71,69,71,70
18-B-1089,117T,KEIRA,0.922,70,72,70,71
18-B-1090,117T,CANDACE,0.922,62,68,68,66
18-B-1091,117T,CANDACE,0.922,67,68,68,68
18-B-1092,117T,CANDACE,0.922,65,62,67,65
18-B-1093,117T,CANDACE,0.922,65,66,65,65
18-B-1094,117T,CANDACE,0.923,65,67,67,66
18-B-1095,117T,CANDACE,0.921,65,64,65,65
18-B-1096,117T,CANDACE,0.923,66,66,66,66
18-B-1097,117T,TIFFANY,0.922,71,69,70,70
18-B-1098,117T,KEIRA,0.922,70,70,70,70
18-B-1099,117T,KEIRA,0.922,70,70,71,70
18-B-1100,117T,KEIRA,0.922,70,70,70,70
18-B-1101,117T,KEIRA,0.922,70,72,71,71
18-B-1102,117T,KEIRA,0.922,71,71,70,71
18-B-1103,117T,TIFFANY,0.922,70,70,70,70
18-B-1104,117T,KEIRA,0.922,70,70,70,70
18-B-1105,117T,KEIRA,0.923,70,71,71,71
18-B-1106,117T,KEIRA,0.923,70,71,70,70
18-B-1107,117T,KEIRA,0.923,73,70,70,71
18-B-1108,117T,KEIRA,0.923,71,72,70,71
18-B-1109,117T,KEIRA,0.923,70,70,70,70
18-B-1110,117T,KEIRA,0.923,70,70,70,70
18-B-1111,117T,KEIRA,0.923,72,70,70,71
18-B-1112,117T,KEIRA,0.923,70,70,71,70
18-B-1113,117T,KEIRA,0.923,70,70,70,70
18-B-1114,117T,KEIRA,0.923,70,72,70,71
18-B-1115,117T,KEIRA,0.923,70,70,70,70
18-B-1116,117T,KEIRA,0.923,71,70,70,70
18-B-1117,117T,KEIRA,0.922,70,70,70,70
18-B-1118,117T,KEIRA,0.923,70,70,70,70
18-B-1119,117T,KEIRA,0.923,70,70,70,70
18-B-1120,117T,KEIRA,0.923,70,71,70,70
18-B-1121,117T,KEIRA,0.922,70,70,70,70
18-B-1122,117T,KEIRA,0.922,71,71,70,71
18-B-1123,117T,KEIRA,0.922,72,70,70,71
18-B-1124,117T,KEIRA,0.923,70,70,71,70
18-B-1125,117T,KEIRA,0.923,70,70,70,70
18-B-1126,117T,KEIRA,0.922,70,70,68,69
18-B-1127,117T,KEIRA,0.922,71,70,70,70
18-B-1128,117T,KEIRA,0.922,70,70,70,70
18-B-1129,117T,KEIRA,0.923,70,70,70,70
18-B-1130,117T,KEIRA,0.923,70,70,68,69
18-B-1131,117T,KEIRA,0.922,71,70,70,70
18-B-1132,117T,KEIRA,0.923,70,71,70,70
18-B-1133,117T,ALEC,0.923,70,72,71,71
18-B-1134,117T,ALEC,0.922,71,70,70,70
18-B-1135,65T,CANDACE,0.92,67,67,66,67
18-B-1136,65T,CANDACE,0.92,68,68,68,68
18-B-1137,65T,CANDACE,0.91,66,68,68,67
18-B-1138,65T,CANDACE,0.91,68,67,66,67
18-B-1139,65T,CANDACE,0.92,66,67,68,67
18-B-1140,65T,CANDACE,0.91,66,66,68,67
18-B-1141,65T,CANDACE,0.92,66,66,67,66
18-B-1142,65T,CANDACE,0.92,66,66,67,66
18-B-1143,65T,CANDACE,0.92,66,68,66,67
18-B-1144,65T,CANDACE,0.92,66,67,68,67
18-B-1145,65T,CANDACE,0.92,65,67,67,66
18-B-1146,65T,CANDACE,0.92,66,67,67,67
18-B-1147,65T,CANDACE,0.92,68,68,68,68
18-B-1148,65T,CANDACE,0.92,67,68,65,67
18-B-1149,65T,CANDACE,0.9,67,68,68,68
18-B-1150,65T,ALEC,0.922,70,71,73,71
18-B-1236,117T,THOMAS,0.922,,,,68
18-B-1237,117T,THOMAS,0.922,,,,71
18-B-1238,117T,THOMAS,0.922,,,,69
18-B-1239,117T,THOMAS,0.93,,,,68
18-B-1240,117T,THOMAS,0.922,,,,69
18-B-1241,117T,THOMAS,0.922,,,,69
18-B-1242,117T,THOMAS,0.922,,,,70
18-B-1243,117T,THOMAS,0.922,,,,69
18-B-1244,117T,THOMAS,0.923,,,,70
18-B-1245,117T,THOMAS,0.922,,,,72
18-B-1246,117T,THOMAS,0.922,,,,70
18-B-1247,117T,THOMAS,0.923,,,,71
18-B-1248,117T,THOMAS,0.923,,,,70
18-B-1249,117T,THOMAS,0.922,,,,70
18-B-1250,117T,THOMAS,0.922,,,,68
18-B-1251,117T,THOMAS,0.9522,,,,69
18-B-1252,117T,THOMAS,0.923,,,,69
18-B-1253,117T,THOMAS,0.923,,,,69
18-B-1254,117T,THOMAS,0.922,,,,70
18-B-1255,117T,THOMAS,0.922,,,,68
18-B-1256,117T,THOMAS,0.921,,,,67
18-B-1257,117T,THOMAS,0.921,,,,71
18-B-1258,117T,THOMAS,0.922,,,,70
18-B-1259,117T,THOMAS,0.92,,,,69
18-B-1260,117T,THOMAS,0.921,,,,71
18-B-1261,117T,THOMAS,0.92,,,,69
18-B-1262,117T,CANDACE,0.923,70,72,70,71
18-B-1263,117T,CANDACE,0.922,70,69,70,70
18-B-1264,117T,CANDACE,0.923,70,68,69,69
18-B-1265,117T,CANDACE,0.923,67,67,66,67
18-B-1266,117T,CANDACE,0.923,67,67,68,67
18-B-1267,117T,CANDACE,0.92,65,66,66,66
18-B-1268,117T,CANDACE,0.922,,,,66
18-B-1269,117T,KW,0.92,,,,69
18-B-1270,117T,KW,0.921,,,,70
18-B-1271,117T,KW,0.922,,,,70
18-B-1272,117T,KW,0.923,,,,70
18-B-1273,117T,KW,0.923,,,,68
18-B-1274,117T,KW,0.922,,,,69
18-B-1275,117T,KW,0.922,,,,71
18-B-1276,117T,LES,0.921,71,71,71,71
18-B-1277,117T,ROBYN,0.923,,,,70
18-B-1278,117T,LES,0.923,73,73,72,73
18-B-1279,117T,ROBYN,0.922,,,,70
18-B-1280,117T,ROBYN,0.931,,,,70
18-B-1281,117T,ROBYN,0.919,,,,68
18-B-1282,117T,LES,0.922,71,72,72,72
18-B-1283,117T,ROBYN,0.922,,,,71
18-B-1284,117T,CANDACE,,,,,
18-B-1285,117T,CANDACE,0.919,66,67,67,67
18-B-1286,117T,CANDACE,0.921,66,68,67,67
18-B-1287,117T,CANDACE,0.92,69,68,69,69
18-B-1288,117T,CANDACE,0.92,67,67,67,67
18-B-1289,117T,CANDACE,0.92,66,67,67,67
18-B-1290,117T,CANDACE,0.922,,,,71
18-B-1291,117T,CANDACE,0.923,,,,71
18-B-1292,117T,CANDACE,0.922,,,,71
18-B-1293,117T,CANDACE,0.922,,,,7O
18-B-1294,117T,CANDACE,0.922,66,65,66,66
18-B-1295,117T,CANDACE,0.922,,,,72
18-B-1296,117T,THOMAS,0.922,,,,68
18-B-1297,117T,THOMAS,0.922,,,,71
18-B-1298,117T,THOMAS,0.922,,,,71
18-B-1299,117T,THOMAS,0.921,,,,70
18-B-1300,117T,THOMAS,0.921,,,,71
18-B-1301,117T,THOMAS,0.921,,,,71
18-B-1302,117T,THOMAS,0.921,,,,70
18-B-1303,117T,THOMAS,0.922,,,,70
18-B-1304,117T,THOMAS,0.922,,,,71
18-B-1305,117T,THOMAS,0.922,,,,70
18-B-1306,117T,KEIRA,0.921,69,70,70,69
18-B-1307,117T,KEIRA,0.922,70,70,71,70
18-B-1308,117T,KEIRA,0.922,70,70,70,70
18-B-1309,117T,KEIRA,0.922,70,70,70,70
18-B-1310,117T,KEIRA,0.921,71,70,70,70
18-B-1311,117T,KEIRA,0.921,70,71,70,70
18-B-1312,117T,KEIRA,0.922,70,69,70,69
18-B-1313,117T,KEIRA,0.921,70,70,70,70
18-B-1314,117T,KEIRA,0.922,70,69,70,69
18-B-1315,117T,KEIRA,0.921,71,71,72,71
18-B-1316,65T,KW,0.92,71,71,71,71
18-B-1317,65T,KW,0.922,69,69,69,69
18-B-1318,65T,CANDACE,0.922,67,67,67,67
18-B-1319,65T,CANDACE,0.922,66,66,66,66
18-B-1320,65T,CANDACE,0.922,68,68,68,68
18-B-1321,65T,CANDACE,0.922,69,69,69,69
18-B-1322,65T,CANDACE,0.922,68,68,68,68
18-B-1323,65T,CANDACE,0.922,67,67,67,67
18-B-1324,65T,KW,0.921,67,67,67,67
18-B-1325,65T,KW,0.922,68,68,68,68
18-B-1326,65T,KW,0.921,70,70,70,70
18-B-1327,65T,KW,0.922,66,66,66,66
18-B-1328,65T,KW,0.922,68,68,68,68
18-B-1329,65T,KW,0.921,69,69,69,69
18-B-1330,65T,KW,0.922,70,70,70,70
18-B-1331,65T,KW,0.921,69,69,69,69
18-B-1439,117T,KEIRA,0.923,70,71,70,70
18-B-1440,117T,KEIRA,0.923,70,73,70,71
18-B-1441,117T,KEIRA,0.922,70,70,71,70
18-B-1442,117T,KEIRA,0.922,70,70,71,70
18-B-1443,117T,KEIRA,0.924,70,71,71,71
18-B-1444,117T,KEIRA,0.922,70,70,71,70
18-B-1445,117T,KEIRA,0.921,70,70,70,70
18-B-1446,117T,KEIRA,0.922,72,70,71,71
18-B-1447,117T,KEIRA,0.922,70,71,71,71
18-B-1448,117T,KEIRA,0.922,71,71,71,71
18-B-1449,117T,KEIRA,0.922,70,70,70,70
18-B-1450,117T,KEIRA,0.921,69,69,70,69
18-B-1451,117T,KEIRA,0.922,71,70,72,71
18-B-1452,117T,KEIRA,0.921,70,69,70,70
18-B-1453,117T,KEIRA,0.921,69,69,70,69
18-B-1454,117T,KEIRA,0.922,70,70,70,70
18-B-1455,117T,KEIRA,0.922,70,70,69,70
18-B-1456,117T,KEIRA,0.922,71,69,70,70
18-B-1457,117T,KEIRA,0.922,70,70,70,70
18-B-1458,117T,KEIRA,0.921,70,70,69,70
18-B-1459,117T,KEIRA,0.922,70,67,70,69
18-B-1460,117T,ALEC,0.923,71,72,74,72
18-B-1461,117T,ALEC,0.923,71,73,71,72
18-B-1462,117T,ALEC,0.923,71,72,74,72
18-B-1463,117T,ALEC,0.923,71,71,72,71
18-B-1464,117T,ALEC,0.922,72,70,70,71
18-B-1465,117T,ALEC,0.923,71,71,71,71
18-B-1466,117T,ALEC,0.923,72,71,73,72
18-B-1467,117T,ALEC,0.922,72,71,70,71
18-B-1468,117T,ALEC,0.923,70,71,70,70
18-B-1469,117T,ALEC,0.923,72,72,71,72
18-B-1470,117T,ALEC,0.922,73,71,72,72
18-B-1471,117T,ALEC,0.923,70,72,71,71
18-B-1472,117T,ALEC,0.923,72,71,70,71
18-B-1473,117T,ALEC,0.923,71,72,74,72
18-B-1474,117T,TARA,0.9228,71,70,70,70
18-B-1475,117T,TARA,0.9222,72,70,72,72
18-B-1476,117T,TARA,0.9244,71,70,71,71
18-B-1477,117T,TARA,0.9248,70,70,70,70
18-B-1478,117T,TARA,0.9238,70,71,70,70
18-B-1479,117T,TARA,O.92,70,72,70,70
18-B-1480,117T,TARA,0.9237,70,70,70,70
18-B-1481,117T,TARA,0.9238,71,70,71,71
18-B-1482,117T,TARA,0.9236,70,71,71,71
18-B-1483,117T,TARA,0.9233,70,72,70,70
18-B-1484,117T,TARA,0.9225,70,70,70,70
18-B-1485,117T,TARA,0.9234,71,72,72,72
18-B-1486,117T,TARA,0.9223,70,71,70,70
18-B-1487,117T,TARA,0.9211,70,70,70,70
18-B-1488,117T,TARA,0.9225,71,71,70,71
18-B-1489,117T,TARA,0.9227,70,72,70,70
18-B-1490,117T,ALEC,0.92,70,70,70,70
18-B-1491,117T,ALEC,0.92,71,71,71,71
18-B-1492,117T,ALEC,0.92,71,71,71,71
18-B-1493,117T,ALEC,0.92,71,71,71,71
18-B-1494,117T,THOMAS,0.92,72,72,72,72
18-B-1495,117T,THOMAS,0.922,,,,70
18-B-1496,117T,THOMAS,0.922,,,,71
18-B-1497,117T,THOMAS,0.923,,,,70
18-B-1498,117T,THOMAS,0.922,,,,71
18-B-1499,117T,THOMAS,0.923,,,,69
18-B-1500,117T,THOMAS,0.922,,,,69
18-B-1501,117T,THOMAS,0.923,,,,70
18-B-1502,117T,THOMAS,0.923,,,,69
18-B-1503,,,,,,,
18-B-1504,,,,,,,
18-B-1505,,,,,,,
18-B-1506,,,,,,,
18-B-1507,,,,,,,
18-B-1508,,,,,,,
18-B-1509,,,,,,,
18-B-1510,,,,,,,
18-B-1511,,,,,,,
18-B-1512,,,,,,,
18.B-1870,,,,,,,
18.B-1871,,,,,,,
18.B-1872,,,,,,,
18.B-1873,,,,,,,
18.B-1874,,,,,,,
18.B-1875,,,,,,,
18.B-1876,,,,,,,
18.B-1877,,,,,,,
18.B-1878,,,,,,,
18.B-1879,,,,,,,
18.B-1880,,,,,,,
18.B-1881,,,,,,,
18.B-1882,65T,TARA,0.921,70,70,70,70
18.B-1883,65T,TARA,0.92,72,72,71,72
18.B-1884,65T,TARA,0.92,72,72,72,72
18.B-1885,65T,TARA,0.92,70,70,70,70
18.B-1886,65T,TARA,0.92,70,70,69,70
18.B-1887,65T,TARA,0.92,72,72,72,72
18.B-1888,65T,TARA,0.92,72,71,71,71
18.B-1889,65T,TARA,0.92,72,72,72,72
18.B-1890,65T,TARA,0.92,69,70,70,70
18.B-1891,65T,TARA,0.92,70,70,70,70
18.B-1892,65T,TARA,0.919,70,70,70,70
18.B-1893,65T,TARA,0.92,70,69,70,71
18.B-1894,65T,TARA,0.92,71,70,71,71
18.B-1895,65T,TARA,0.92,69,69,69,69
18.B-1896,65T,TARA,0.92,69,69,69,69
18.B-1897,65T,TARA,0.92,69,69,69,69
18.B-1898,65T,LES,0.92,72,73,72,72
18.B-1899,65T,LES,0.92,73,72,72,72
18.B-1900,65T,LES,0.92,72,72,72,72
18.B-1901,65T,LES,0.92,72,71,72,72
18.B-1902,65T,IAN,0.92,70,70,69,70
18.B-1903,65T,LES,0.92,71,71,71,71
18.B-1904,65T,IAN,0.922,70,70,70,70
18.B-1905,65T,IAN,0.923,71,72,72,72
18.B-1906,,,,,,,
18.B-1907,65T,IAN,0.922,70,70,70,70
18.B-1908,,,,,,,
18.B-1909,,,,,,,
18.B-1910,,,,,,,
18.B-1911,,,,,,,
18.B-1912,,,,,,,
18.B-1913,,,,,,,
18.B-1914,,,,,,,
18.B-1915,,,,,,,
18.B-1916,,,,,,,
18.B-1917,,,,,,,
18.B-1918,,,,,,,
18.B-1919,,,,,,,
18.B-1920,32T,LES,0.919,70,70,70,70
18-B-2091,45T,TARA,0.9193,70,70,70,70
18-B-2092,45T,TARA,0.9228,71,72,71,71
18-B-2093,45T,IAN,0.92,70,70,70,70
18-B-2094,45T,JO,0.9,70,71,70,70
18-B-2095,45T,JO,0.92,71,70,70,70
18-B-2096,45T,,,,,,
18-B-2097,45T,,,,,,
18-B-2098,45T,,,,,,
18-B-2099,45T,,,,,,
18-B-2100,45T,LOIS,0.92,70,69,70,70
18-B-2101,45T,LOIS,0.92,70,70,70,70
18-B-2102,45T,,,,,,
18-B-2103,45T,LOIS,0.92,71,70,71,71
18-B-2104,45T,,,,,,
18-B-2105,45T,,0.92,70,70,71,
18-B-2106,45T,,,,,,
18-B-2107,45T,,,,,,
18-B-2483,30T,ROBYN,0.92,,,,71
18-B-2484,30T,ROBYN,0.924,,,,73
18-B-2485,30T,JO,0.923,,,,67
18-B-2486,45T,ROBYN,0.921,,,,72
18-A-698,45T,,,,,,
18-A-699,45T,,,,,,
18-A-700,45T,,,,,,
18-A-701,45T,,,,,,
18-A-702,45T,,,,,,
18-A-703,45T,,,,,,
18-A-704,45T,,,,,,
18-A-705,45T,,,,,,
18-A-706,45T,,,,,,
18-A-707,45T,LES,0.92,73,73,72,73
18-A-708,45T,,,,,,
18-A-709,45T,,,,,,
18-A-710,45T,,,,,,
18-A-711,45T,,,,,,
18-A-712,45T,,,,,,
18-A-713,45T,,,,,,
18-A-714,45T,,,,,,
18-A-715,45T,,,,,,
18-A-716,45T,,,,,,
18-A-717,45T,LES,0.91,71,71,72,71
18-A-718,45T,,,,,,
18-A-719,45T,LES,0.922,72,71,72,72
18-A-720,45T,,,,,,
18-A-721,45T,,,,,,
18-A-722,45T,LES,0.922,71,71,72,71
18-A-723,45T,LES,0.922,71,71,72,71
18-A-724,45T,LES,0.922,70,71,71,71
18-A-725,45T,LES,0.922,71,71,71,71
18-A-726,45T,LES,0.921,73,73,73,73
19-A-19,65T,JO,0.932,,,,70
19-A-20,65T,JO,0.921,,,,70
19-A-21,65T,LOIS,0.922,,,,71
19-A-22,65T,LOIS,0.921,,,,70
19-A-23,65T,LOIS,0.922,,,,71
19-A-24,65T,LOIS,0.922,,,,71
19-A-25,65T,JO,0.92,,,,69
19-A-26,65T,JO,0.924,,,,71
19-A-27,65T,ROBYN,0.921,,,,73
19-A-28,65T,IAN,0.92,,,,70
19-A-29,65T,IAN,0.92,,,,69
19-A-30,65T,JO,0.918,,,,70
19-A-31,65T,ROBYN,0.921,,,,70
19-A-32,65T,ROBYN,0.919,,,,71
19-A-33,65T,IAN,0.92,,,,70
19-A-34,65T,ROBYN,0.922,,,,72
19-A-35,65T,IAN,0.922,,,,70
19-A-36,65T,LOIS,0.922,,,,70
19-A-37,65T,LOIS,0.921,,,,71
19-A-38,65T,LOIS,0.922,,,,71
19-A-39,65T,IAN,0.92,,,,70
19-A-40,65T,IAN,0.92,,,,70
19-A-41,65T,IAN,0.922,,,,72
19-A-42,65T,LOIS,0.921,,,,70
19-A-43,65T,LOIS,0.921,,,,71
19-A-45,65T,IAN,0.921,,,,70
19-A-46,65T,IAN,0.92,,,,69
19-A-47,65T,ROBYN,0.922,,,,70
19-A-48,65T,ROBYN,0.922,,,,72
19-A-49,65T,ROBYN,0.923,,,,71
19-A-50,45T,IAN,0.922,,,,71
19-A-51,45T,IAN,0.921,,,,71
19-A-52,45T,ROBYN,0.921,,,,72
19-A-53,45T,IAN,0.92,,,,69
19-A-54,45T,IAN,0.92,,,,72
19-A-55,45T,IAN,0.921,,,,71
19-A-56,45T,ROBYN,0.922,,,,72
19-A-57,45T,IAN,0.922,,,,72
19-A-58,45T,LOIS,0.923,,,,71
19-A-59,45T,LOIS,0.921,,,,71
19-A-60,45T,LOIS,0.921,,,,70
19-A-61,45T,LOIS,0.922,,,,70
19-A-62,45T,LOIS,0.92,,,,71
19-A-63,45T,LOIS,0.919,,,,72
19-A-64,45T,LOIS,0.922,,,,71
19-A-81,65T,ROBYN,0.9224,,,,69
19-A-82,65T,IAN,0.9218,,,,69
19-A-83,65T,IAN,0.9227,,,,70
19-A-84,65T,IAN,0.9224,,,,70
19-A-85,65T,IAN,0.9211,,,,71
19-A-86,65T,IAN,0.9206,,,,70
19-A-87,65T,IAN,0.9224,,,,70
19-A-88,65T,IAN,0.9209,,,,70
19-A-89,65T,IAN,0.9241,,,,70
19-A-90,65T,IAN,0.9205,,,,70
19-A-91,65T,ROBYN,0.921,,,,73
19-A-92,65T,ROBYN,0.922,,,,72
19-A-93,65T,ROBYN,0.921,,,,71
19-A-94,65T,ROBYN,0.921,,,,72
19-A-95,65T,ROBYN,0.923,,,,72
19-A-96,65T,IAN,0.921,,,,70
19-A-97,65T,IAN,0.923,,,,71
19-A-98,65T,IAN,0.922,,,,71
19-A-99,65T,IAN,0.922,,,,70
19-A-100,65T,IAN,0.92,,,,68
19-A-101,65T,IAN,0.921,,,,72
19-A-102,65T,IAN,0.922,,,,68
19-A-103,65T,IAN,0.922,,,,72
19-A-104,65T,IAN,0.922,,,,71
19-A-105,65T,,0.922,,,,72
19-A-106,65T,,0.922,,,,72
19-A-107,65T,ROBYN,0.922,,,,73
19-A-108,65T,JOANNE,0.922,,,,73
19-A-109,65T,KAREN,0.922,,,,71
19-A-110,65T,KAREN,0.922,,,,72
19-A-111,65T,ROBYN,0.922,,,,72
19-A-112,65T,ROBYN,0.922,,,,72
19-A-113,65T,ROBYN,0.921,,,,72
19-A-114,65T,ROBYN,0.92,,,,73
19-A-115,65T,ROBYN,0.92,,,,71
19-A-116,65T,ROBYN,0.919,,,,72
19-A-117,65T,VONDA,0.921,,,,72
19-A-118,65T,ROBYN,0.922,,,,73
19-A-119,65T,ROBYN,0.921,,,,73
19-A-120,65T,ROBYN,0.921,,,,72
19-A-174,45T,JO,0.921,,,,72
19-A-176,45T,JO,0.92,,,,69
19-A-177,45T,LOIS,0.921,,,,70
19-A-178,45T,JO,0.921,,,,70
9-A-179,45T,LOIS,0.921,,,,71
19-A-180,45T,LOIS,0.92,,,,71
19-A-181,45T,IAN,0.926,,,,70
19-A-182,45T,LOIS,0.922,,,,71
19-A-183,45T,LOIS,0.921,,,,71
19-A-184,45T,KAREN,0.921,,,,70
19-A-185,45T,IAN,0.921,,,,71
19-A-186,45T,IAN,0.921,,,,69
19-A-187,45T,IAN,0.919,,,,70
19-A-188,45T,LOIS,0.92,,,,69
19-A-189,45T,LOIS,0.92,,,,70
19-A-190,45T,LOIS,0.92,,,,70
19-A-191,45T,LOIS,0.92,,,,71
19-A-192,45T,LOIS,0.92,,,,69
19-A-193,45T,LOIS,0.92,,,,70
19-A-194,45T,LOIS,0.92,,,,70
19-A-195,45T,LOIS,0.92,,,,71
19-A-228,65T,SAM,0.922,71,71,72,71
19-A-229,65T,ROBYN,0.92,,,,73
19-A-230,65T,ROBYN,0.92,,,,73
19-A-231,65T,ROBYN,0.92,,,,72
19-A-232,65T,ROBYN,0.92,,,,73
19-A-233,65T,ROBYN,0.92,,,,70
19-A-234,65T,ROBYN,0.92,,,,70
19-A-235,65T,ROBYN,0.92,,,,72
19-A-236,65T,SAM,0.921,72,70,71,71
19-A-237,65T,SAM,0.922,68,70,70,70
19-A-238,65T,SAM,0.921,71,71,70,71
19-A-239,65T,SAM,0.922,70,70,70,70
19-A-240,45T,VONDA,0.92,,,,70
19-A-241,65T,SAM,0.922,69,69,69,69
19-A-242,65T,SAM,0.922,70,72,71,71
19-A-243,45T,VONDA,0.92,,,,71
19-A-244,45T,VONDA,0.921,,,,71
19-A-245,45T,VONDA,0.921,,,,72
19-A-246,45T,KAREN,0.922,,,,70
19-A-247,45T,VONDA,0.921,,,,72
19-A-248,45T,SAM,0.923,71,72,73,72
19-A-249,45T,VONDA,0.92,,,,69
19-A-250,45T,SAM,0.923,71,71,72,71
19-A-251,45T,VONDA,0.922,,,,72
19-A-252,45T,SAM,0.923,70,71,71,71
19-A-253,45T,,,,,,
19-A-254,45T,SAM,0.923,,,,71
19-A-255,45T,,,,,,
19-A-256,45T,,,,,,
19-A-257,45T,SAM,0.922,73,70,71,71
19-A-258,45T,,,,,,
19-A-259,45T,SAM,0.921,73,73,72,73
19-A-260,45T,VONDA,0.92,,,,72
19-A-261,45T,VONDA,0.92,,,,71
19-A-262,45T,KAREN,0.92,,,,70
19-A-263,45T,KAREN,0.92,,,,71
19-A-264,45T,KAREN,0.92,,,,70
19-A-265,45T,LOIS,0.92,,,,71
19-A-266,30T,ROBYN,0.92,,,,71
19-A-267,30T,LOIS,0.92,,,,70
19-A-359,30T,LOIS,0.92,69,70,69,69
19-A-360,30T,LOIS,0.92,70,70,70,70
19-A-361,30T,LOIS,0.92,70,71,70,70
19-A-362,30T,LOIS,0.92,69,70,71,70
19-A-363,65T,SAM,0.92,,,,71
19-A-364,65T,LOIS,0.92,69-,68,70,69
19-A-365,65T,SAM,0.922,,,,71
19-A-366,65T,LOIS,0.92,70,70,70,70
19-A-367,65T,LOIS,0.92,70,70,70,70
19-A-368,65T,LOIS,0.92,68,68,69,68
19-A-369,65T,LOIS,0.922,,,,70
19-A-370,65T,LOIS,0.92,71,71,70,71
19-A-371,65T,LOIS,0.92,70,70,70,70
19-A-372,65T,LOIS,0.92,70,71,70,70
19-A-373,65T,IAN,0.922,,,,71
19-A-374,65T,IAN,0.921,,,,69
19-A-375,65T,IAN,0.921,,,,72
19-A-376,65T,IAN,0.922,,,,72
19-A-377,65T,IAN,0.922,,,,70
19-A-378,65T,IAN,0.921,,,,71
19-A-379,65T,IAN,0.922,,,,70
19-A-380,65T,IAN,0.921,,,,69
19-A-381,65T,IAN,0.921,,,,70
19-A-382,65T,IAN,0.922,,,,70
19-A-383,65T,IAN,0.922,,,,71
19-A-384,65T,IAN,0.921,,,,70
19-A-408,65T,IAN,0.92,70,69,71,70
19-A-409,65T,IAN,0.922,71,70,70,70
19-A-410,65T,IAN,0.921,71,71,71,71
19-A-411,65T,IAN,0.922,69,71,70,70
19-A-412,45T,IAN,0.922,71,70,71,71
19-A-413,45T,IAN,0.921,71,71,71,71
19-A-414,45T,IAN,0.921,69,69,69,69
19-A-415,45T,IAN,0.922,70,70,70,70
19-A-416,45T,IAN,0.921,69,69,70,69
19-A-417,45T,SAM,0.927,69,70,68,69
19-A-418,45T,IAN,0.92,69,70,70,70
19-A-419,45T,IAN,0.919,70,70,70,70
19-A-420,45T,SAM,0.922,67,68,68,68
19-A-421,45T,,,,,,
19-A-422,45T,IAN,0.92,69,69,69,69
19-A-423,45T,SAM,0.921,70,70,70,70
19-A-424,45T,,,,,,
19-A-509,65T,KAREN,0.921,,,,63
19-A-510,65T,KAREN,0.924,,,,68
19-A-511,65T,KAREN,0.924,,,,67
19-A-512,65T,KAREN,0.924,,,,64
19-A-513,65T,KAREN,0.924,,,,66
19-A-514,65T,KAREN,0.924,,,,67
19-A-515,65T,KAREN,0.924,,,,66
19-A-516,65T,KAREN,0.924,,,,66
19-A-517,65T,IAN,0.924,,,,70
19-A-518,65T,IAN,0.922,,,,65
19-A-519,65T,KAREN,0.924,,,,66
19-A-520,65T,KAREN,0.924,,,,67
19-A-521,65T,KAREN,0.924,,,,68
19-A-522,65T,IAN,0.924,,,,67
19-A-523,65T,IAN,0.924,,,,67
19-A-524,65T,IAN,0.924,,,,70
19-A-525,65T,IAN,0.922,,,,69
19-A-526,65T,IAN,0.923,,,,70
19-A-527,65T,IAN,0.924,,,,70
19-A-528,65T,IAN,0.921,,,,67
19-A-529,65T,IAN,0.924,,,,66
19-A-530,65T,IAN,0.921,,,,67
19-A-531,65T,IAN,0.921,,,,71
19-A-532,65T,IAN,0.923,,,,70
19-A-650,65T,SAM,0.923,,,,70
19-A-651,65T,SAM,0.92,,,,69
19-A-652,65T,SAM,0.92,,,,68
19-A-653,65T,SAM,0.92,,,,71
19-A-654,65T,SAM,0.92,,,,70
19-A-655,65T,VONDA,0.92,,,,71
19-A-656,65T,VONDA,0.92,,,,72
19-A-657,65T,VONDA,0..92,,,,72
19-A-658,65T,SAM,0.922,,,,71
19-A-659,65T,SAM,0.922,,,,70
19-A-660,65T,SAM,0.922,,,,70
19-A-661,65T,SAM,0.922,,,,72
19-A-662,65T,VONDA,0.921,,,,72
19-A-663,65T,VONDA,0.922,,,,71
19-A-664,65T,SAM,0.922,,,,72
19-A-665,65T,SAM,0.923,,,,73
19-A-666,65T,IAN,0.921,,,,70
19-A-667,65T,VONDA,0.922,,,,72
19-A-668,65T,VONDA,0.923,,,,70
19-A-669,65T,VONDA,0.922,,,,71
19-A-670,65T,IAN,0.922,,,,70
19-A-671,65T,IAN,0.921,,,,71
19-A-672,65T,IAN,0.922,,,,70
19-A-673,65T,IAN,0.921,,,,70
19-A-674,65T,IAN,0.922,,,,70
19-A-675,65T,IAN,0.923,,,,72
19-A-676,65T,IAN,0.922,,,,71
19-A-677,65T,IAN,0.922,,,,72
19-A-678,65T,IAN,0.921,,,,70
19-A-679,65T,IAN,0.921,,,,71
19-A-680,65T,IAN,0.923,,,,71
19-A-681,65T,IAN,0.923,,,,73
19-A-682,65T,IAN,0.92,,,,71
19-A-683,65T,SAM,0.92,,,,70
19-A-684,65T,VONDA,0.923,,,,72
19-A-685,65T,IAN,0.924,,,,70
19-A-686,65T,IAN,0.923,,,,69
19-A-687,65T,IAN,0.924,,,,71
19-A-688,65T,IAN,0.924,,,,70
19-A-689,65T,IAN,0.924,,,,72
19-A-690,65T,SAM,0.923,,,,73
19-A-691,65T,SAM,0.923,,,,72
19-A-692,65T,SAM,0.92,,,,71
19-A-693,65T,SAM,0.923,,,,72
19-A-733,65T,IAN,0.919,,,,70
19-A-734,65T,VONDA,0.922,,,,70
19-A-735,65T,VONDA,0.923,,,,72
19-A-736,65T,IAN,0.922,,,,69
19-A-737,65T,VONDA,0.921,,,,70
19-A-738,65T,VONDA,0.923,,,,70
19-A-739,65T,SAM,0.921,,,,69
19-A-740,65T,SAM,0.92,,,,71
19-A-741,65T,SAM,0.922,,,,72
19-A-742,65T,SAM,0.921,,,,72
19-A-743,65T,VONDA,0.922,,,,72
19-A-744,65T,SAM,0.92,,,,72
19-A-745,65T,VONDA,0.923,,,,72
19-A-746,65T,SAM,0.921,,,,71
19-A-747,65T,SAM,0.922,,,,72
19-A-748,65T,SAM,0.922,,,,72
19-A-749,65T,VONDA,0.92,,,,71
19-A-750,65T,VONDA,0.92,,,,72
19-A-751,65T,VONDA,0.91,,,,70
19-A-752,65T,VONDA,0.92,,,,71
19-A-753,65T,VONDA,0.92,,,,71
19-A-754,65T,VONDA,0.92,,,,72
19-A-755,65T,VONDA,0.923,,,,72
19-A-756,65T,VONDA,0.924,,,,70
19-A-757,65T,VONDA,0.923,,,,71
19-A-758,65T,VONDA,0.924,,,,72
19-A-759,65T,VONDA,0.923,,,,70
19-A-760,65T,VONDA,0.922,,,,71
19-A-761,65T,KAREN,0.923,,,,72
19-A-762,65T,SAM,0.923,,,,71
19-A-763,65T,SAM,0.923,,,,70
19-A-764,65T,SAM,0.924,,,,72
19-A-765,65T,VONDA,0.923,,,,71
19-A-766,65T,VONDA,0.922,,,,69
19-A-767,65T,VONDA,0.922,,,,69
19-A-768,65T,VONDA,0.923,,,,72
19-A-769,65T,VONDA,0.922,,,,69
19-A-770,65T,VONDA,0.922,,,,70
19-A-771,65T,SAM,0.924,,,,71
19-A-772,65T,KAREN,0.923,,,,70
19-A-773,65T,SAM,0.922,,,,71
19-A-774,65T,KAREN,0.921,,,,71
19-A-775,65T,SAM,0.927,,,,70
19-A-776,65T,KAREN,0.92,,,,72
19-A-777,65T,KAREN,0.919,,,,70
19-A-778,65T,KAREN,0.92,,,,69
19-A-779,65T,SAM,0.921,,,,72
19-A-780,65T,VONDA,0.921,,,,70
19-A-781,65T,VONDA,0.921,,,,69
19-A-782,65T,VONDA,0.922,,,,82
19-A-783,65T,SAM,0.922,,,,73
19-A-784,65T,SAM,0.922,,,,72
19-A-785,65T,SAM,0.922,,,,72
19-A-786,65T,SAM,0.921,,,,72
20-A-30,65T,SAM,0.923,,,,72
20-A-31,65T,SAM,0.922,,,,70
20-A-32,65T,SAM,0.923,,,,71
20-A-33,65T,SAM,0.921,,,,70
20-A-34,65T,SAM,0.922,,,,71
20-A-35,65T,SAM,0.919,,,,69
20-A-36,65T,VONDA,0.92,,,,71
20-A-37,65T,VONDA,0.92,,,,72
20-A-38,65T,VONDA,0.92,,,,72
20-A-39,65T,IAN,0.921,,,,70
20-A-40,65T,VONDA,0.92,,,,72
20-A-41,65T,VONDA,0.92,,,,71
20-A-42,65T,IAN,0.921,,,,69
20-A-43,65T,IAN,0.921,,,,71
20-A-44,65T,KAREN,0.922,,,,70
20-A-45,65T,IAN,0.921,,,,70
20-A-46,65T,VONDA,0.922,,,,71
20-A-47,65T,VONDA,0.921,,,,70
20-A-48,65T,VONDA,0.921,,,,70
20-A-49,65T,VONDA,0.921,,,,70
20-A-50,65T,VONDA,0.922,,,,71
20-A-51,65T,VONDA,0.922,,,,72
20-A-52,65T,LOIS,0.92,,,,701
20-A-53,65T,LOIS,0.92,,,,68
20-A-54,65T,SAM,0.92,,,,71
20-A-55,65T,SAM,0.92,,,,70
20-A-56,65T,SAM,0.922,,,,72
20-A-57,65T,SAM,0.92,,,,70
20-A-58,65T,SAM,0.921,,,,71
20-A-59,65T,SAM,0.92,,,,70
20-A-60,65T,SAM,0.921,,,,71
20-A-61,65T,KAREN,0.92,,,,70
20-A-62,65T,LOIS,0.921,,,,71
20-A-63,65T,LOIS,0.92,,,,70
20-A-64,65T,SAM,0.922,,,,71
20-A-65,65T,SAM,0.921,,,,70
20-A-66,65T,IAN,0.921,,,,71
20-A-67,65T,SAM,0.923,,,,72
20-A-68,65T,IAN,0.922,,,,71
20-A-69,65T,LOIS,0.921,,,,70
20-A-70,65T,VONDA,0.92,,,,69
20-A-71,65T,VONDA,0.92,,,,71
20-A-72,65T,VONDA,0.92,,,,71
20-A-73,65T,VONDA,0.92,,,,71
20-A-74,45T,LOIS,0.922,,,,70
20-A-75,45T,LOIS,0.921,,,,70
20-A-76,45T,LOIS,0.921,,,,70
20-A-77,45T,LOIS,0.921,,,,70
20-A-78,45T,LOIS,0.92,,,,71
20-A-79,45T,LOIS,0.92,,,,70
20-A-80,45T,VONDA,0.922,,,,70
20-A-81,45T,LOIS,0.922,,,,71
20-A-82,45T,LOIS,0.923,,,,71
20-A-83,45T,LOIS,0.923,,,,70
20-A-84,45T,LOIS,0.922,,,,69
20-A-85,45T,LOIS,0.923,,,,70
20-A-125,45T,KAREN,0.92,,,,71
20-A-126,45T,KAREN,0.921,,,,71
20-A-127,45T,IAN,0.921,,,,71
20-A-128,45T,KAREN,0.923,,,,70
20-A-129,45T,KAREN,0.921,,,,72
20-A-130,45T,KAREN,0.921,,,,70
20-A-131,45T,KAREN,0.923,,,,70
20-A-132,45T,LOIS,O.92,,,,70
20-A-133,45T,IAN,0.922,,,,70
20-A-134,45T,LOIS,0.923,,,,69
20-A-135,45T,LOIS,O.92,,,,70
20-A-136,45T,LOIS,0.92,,,,69
20-A-137,45T,IAN,0.921,,,,70
20-A-138,45T,IAN,0.921,,,,69
20-A-139,45T,IAN,0.92,,,,71
20-A-140,45T,IAN,0.922,,,,71
20-A-141,65T,IAN,0.92,,,,70
20-A-142,65T,IAN,0.922,,,,69
20-A-143,65T,SAM,0.923,,,,73
20-A-144,65T,IAN,0.921,,,,72
20-A-145,65T,IAN,0.921,,,,72
20-A-146,65T,KAREN,0.921,,,,71
20-A-147,65T,KAREN,0.921,,,,71
20-A-148,65T,KAREN,0.921,,,,70
20-A-149,65T,LOIS,0.922,,,,71
20-A-150,65T,LOIS,0.922,,,,71
20-A-151,65T,LOIS,0.922,,,,70
20-A-152,65T,SAM,0.92,,,,71
20-A-153,65T,SAM,0.92,,,,71
20-A-154,65T,LOIS,0.922,,,,70
20-A-155,65T,LOIS,0.923,,,,71
20-A-156,65T,LOIS,0.924,,,,73
20-A-157,65T,LOIS,0.921,,,,70
20-A-158,65T,LOIS,0.921,,,,71
20-A-231,65T,ROBYN,0.922,,,,70
20-A-232,65T,ROBYN,0.922,,,,66
20-A-233,65T,LOIS,0.921,,,,69
20-A-234,65T,LOIS,0.922,,,,70
20-A-235,65T,LOIS,0.922,,,,71
20-A-236,65T,LOIS,0.922,,,,70
20-A-237,65T,LOIS,0.92,,,,69
20-A-238,65T,LOIS,0.922,,,,70
20-A-239,65T,LOIS,0.921,,,,69
20-A-240,65T,SAM,0.921,,,,71
20-A-241,65T,ROBYN,0.92,,,,71
20-A-242,65T,,,,,,
20-A-243,65T,SAM,92,,,,71
20-A-299,65T,lois,0.921,,,,71
20-A-300,65T,LOIS,0.921,,,,70
20-A-301,65T,ROBYN,0.923,,,,69
20-A-302,65T,RPBYN,0.921,,,,71
20-A-303,65T,ROBYN,0.92,,,,72
20-A-304,65T,ROBYN,0.921,,,,71
20-A-305,65T,ROBYN,0.921,,,,70
20A-306,65T,ROBYN,0.922,,,,69
20-A-307,65T,VONDA,0.921,,,,70
20-A-308,65T,LOIS,0.92,,,,69
20-A-309,65T,LOIS,0.92,,,,70
20-A-310,65T,LOIS,0.922,,,,70
20-A-311,65T,LOIS,0.921,,,,69
20-A-312,65T,SAM,0.92,,,,72
20-A-313,65T,SAM,0.92,,,,72
20-A-314,65T,SAM,0.92,,,,72
20-A-315,65T,lois,0.921,,,,71
20-A-316,65T,lois,0.921,,,,70
20-A-317,65T,lois,0.92,,,,70
20-A-318,65T,lois,0.92,,,,71
20-A-319,65T,lois,0.919,,,,69
20-A-320,65T,SAM,0.92,,,,69
20-A-321,65T,lois,0.92,,,,70
20-A-322,65T,lois,0.92,,,,69
20-A-323,65T,ROBYN,0.921,,,,69
20-A-324,65T,ROBYN,0.923,,,,71
20-A-325,65T,SAM,0.921,,,,71
20-A-326,65T,sam,0.922,,,,70
20-A-327,65T,sam,0.92,,,,70
20-A-328,65T,LOIS,0.921,,,,70
20-A-329,65T,LOIS,0.921,,,,70
20-A-330,65T,sam,0.92,,,,70
20-A-331,65T,LOIS,0.92,,,,70
20-A-332,65T,LOIS,0.921,,,,69
20-A-333,65T,,,,,,
20-A-334,65T,SAM,0.921,,,,72
20-A-383,65T,SAM,0.922,,,,71
20-A-384,65T,SAM,0.923,,,,70
20-A-441,65T,VONDA,0.923,,,,70
20-A-442,65T,VONDA,0.923,,,,71
20-A-443,65T,VONDA,0.923,,,,70
20-A-444,65T,VONDA,0.923,,,,70
20-A-445,65T,SAM,0.922,,,,72
20-A-446,65T,SAM,0.922,,,,71
20-A-447,65T,SAM,0.922,,,,71
20-A-448,65T,SAM,0.922,,,,73
20-A-449,65T,SAM,0.922,,,,72
20-A-450,65T,LOIS,0.922,,,,72
20-A-451,65T,LOIS,0.922,,,,72
20-A-452,65T,LOIS,0.922,,,,71
20-A-453,65T,LOIS,0.922,,,,72
20-A-454,65T,LOIS,0.92,,,,72
20-A-455,65T,LOIS,0.922,,,,72
20-A-456,65T,VONDA,0.92,,,,69
20-A-457,65T,VONDA,0.92,,,,70
20-A-458,65T,SAM,0.924,,,,70
20-A-459,65T, VONDA,0.92,,,,70
20-A-460,65T,VONDA,0.92,,,,71
20-A-461,65T,VONDA,0.92,,,,70
20-A-462,65T,SAM,0.92,,,,71
20-A-463,65T,LOIS,0.921,,,,71
20-A-464,65T,SAM,0.922,,,,70
20-A-465,65T,LOIS,0.921,,,,71
20-A-466,65T,LOIS,0.921,,,,71
20-A-467,65T,LOIS,0.922,,,,72
20-A-468,65T,LOIS,0.921,,,,72
20-A-469,65T,LOIS,0.92171,,,,71
20-A-470,65T,VONDA,0.92,,,,69
20-A-471,65T,VONDA,0.92,,,,69
20-A-472,65T,LOIS,0.92,,,,72
20-A-473,65T,VONDA,0.92,,,,71
20-A-474,65T,VONDA,0.92,,,,69
20-A-475,65T,VONDA,0.92,,,,70
20-A-476,65T,,,,,,
20-A-477,65T,,,,,,
20-A-478,65T,,,,,,
20-A-479,65T,IAN,0.921,,,,71
20-A-480,65T,,,,,,
20-A-481,65T,,,,,,
20-A-482,65T,,,,,,
20-A-483,65T,,,,,,
21-A-10,65T,,0.921,,,,71
21-A-11,65T,,0.92,,,,70
21-A-12,65T,,0.921,,,,71
21-A-13,65T,,0.92,,,,71
21-A-14,65T,,0.92,,,,71
21-A-15,65T,,0.921,,,,70
21-A-16,65T,,0.92,,,,71
21-A-17,65T,,0.921,,,,70
21-A-18,65T,,0.921,,,,71
21-A-19,65T,,0.921,,,,70
21-A-20,65T,,0.921,,,,71
21-A-21,65T,,0.921,,,,70
21-A-22,65T,,0.925,,,,70
21-A-23,65T,,0.922,,,,70
21-A-65,65T,TIFFANY,0.922,,,,72
21-A-66,65T,VONDA,0.922,,,,71
21-A-67,65T,VONDA,0.921,,,,70
21-A-68,65T,TIFFANY,0.922,,,,72
21-A-69,65T,VONDA,0.0922,,,,70
21-A-70,65T,SAM,0.923,,,,70
21-A-71,65T,SAM,0.922,,,,71
21-A-72,65T,VONDA,0.92,,,,71
21-A-73,65T,TIFFANY,0.923,,,,72
21-A-74,65T,VONDA,0.92,,,,71
21-A-75,65T,TIFFANY,0.922,,,,71
21-A-76,65T,TIFFANY,0.922,,,,72
21-A-77,65T,SAM,0.923,,,,70
21-A-125,65T,TIFFANY,0.921,,,,69
21-A-126,65T,TIFFANY,0.921,,,,71
21-A-127,65T,TIFFANY,0.92,,,,70
21-A-128,65T,TIFFANY,0.921,,,,70
21-A-129,65T,TIFFANY,0.921,,,,70
21-A-130,65T,TIFFANY,0.92,,,,69
21-A-131,65T,VONDA,0.921,,,,70
21-A-132,65T,TIFFANY,0.921,,,,70
21-A-133,65T,VONDA,0.921,,,,69
21-A-134,65T,VONDA,0.92,,,,70
21-A-135,65T,LOIS,0.921,,,,71
21-A-136,65T,VONDA,0.922,,,,70
21-A-137,65T,VONDA,0.921,,,,70
21-A-138,65T,TIFFANY,0.921,,,,69
21-A-139,65T,LOIS,0.922,,,,71
21-A-140,65T,TIFFANY,0.922,,,,70
21-A-141,65T,TIFFANY,0.922,,,,71
21-A-142,65T,TIFFANY,0.99,,,,71
21-A-143,65T,TIFFANY,0.922,,,,71
21-A-144,65T,VONDA,0.922,,,,70
21-A-145,65T,VONDA,0.922,,,,70
21-A-146,65T,TIFFANY,0.922,,,,71
21-A-147,65T,TIFFANY,0.922,,,,70
21-A-148,65T,TIFFANY,0.922,,,,70
21-A-149,65T,VONDA,0.923,,,,71
21-A-150,65T,,,,,,
21-A-151,65T,VONDA,0.922,,,,70
21-A-152,65T,VONDA,0.923,,,,71
21-A-153,65T,VONDA,0.922,,,,70
21-A-154,65T,VONDA,0.922,,,,70
21-A-155,65T,LOIS,0.922,,,,70
21-A-156,65T,TIFFANY,0.922,,,,69
21-A-157,65T,TIFFANY,0.922,,,,70
21-A-158,65T,VONDA,0.92,,,,70
21-A-478,65T,VONDA,0.925,,,,70
21-A-479,65T,VONDA,0.925,,,,69
21-A-480,65T,VONDA,92,,,,71
21-A-481,65T,VONDA,92,,,,70
21-A-482,65T,vonda,0.925,,,,71
21-A-483,65T,TIFFANY,0.924,,,,71
21-A-484,65T,TIFFANY,0.0924,,,,71
21-A-485,65T,TIFFANY,0.924,,,,69
21-A-486,65T,TIFFANY,0.924,,,,70
21-A-487,65T,TIFFANY,0.923,,,,70
21-A-488,65T,TIFFANY,0.923,,,,70
21-A-489,65T,TIFFANY,0.923,,,,71
21-A-490,65T,LOIS,0.925,,,,69
21-A-491,65T,VONDA,0.924,,,,69
21-A-492,65T,TIFFANY,0.924,,,,68
21-A-493,65T,TIFFANY,0.924,,,,69
21-A-494,65T,lois,0.924,,,,69
21-A-495,65T,vonda,0.924,,,,70
21-A-496,65T,TIFFANY,0.924,,,,71
21-A-497,65T,VONDA,0.924,,,,71
21-A-498,65T,TIFFANY,0.924,,,,71
21-A-499,65T,TIFFANY,0.924,,,,68
21-A-500,65T,VONDA,0.924,,,,69
21-A-501,65T,TIFFANY,0.924,,,,68
21-A-502,65T,VONDA,0.924,,,,70
21-A-503,65T,VONDA,0.924,,,,70
21-A-504,65T,VONDA,0.924,,,,71
21-A-505,65T,TIFFANY,0.924,,,,70
21-A-506,65T,VONDA,0.924,,,,69
21-A-507,65T,TIFFANY,0.924,,,,68
21-A-508,65T,VONDA,0.924,,,,69
21-A-509,65T,VONDA,0.924,,,,69
21-A-510,65T,VONDA,0.924,,,,70
21-A-511,65T,TIFFANY,0.924,,,,70
21-A-512,65T,TIFFANY,0.924,,,,72
21-A-513,65T,TIFFANY,0.924,,,,70
21-A-514,65T,TIFFANY,0.924,,,,71
21-A-515,65T,TIFFANY,0.924,,,,70
21-A-597,45T,VONDA,0.92,,,,70
21-A-598,45T,VONDA,0.92,,,,70
21-A-599,45T,VONDA,0.92,,,,70
21-A-600,45T,VONDA,0.92,,,,70
21-A-574,65T,SAM,0.924,,,,70
21-A-575,65T,SAM,0.924,,,,70
21-A-576,65T,SAM,0.924,,,,71
21-A-577,65T,SAM,0.923,,,,69
21-A-578,65T,SAM,0.923,,,,70
21-A-579,65T,SAM,0.923,,,,70
21-A-580,65T,LOIS,0.92,,,,69
21-A-581,65T,LOIS,0.92,,,,70
21-A-582,65T,LOIS,0.92,,,,70
21-A-583,65T,LOIS,0.92,,,,70
21-A-584,65T,VONDA,0.92,,,,70
21-A-585,65T,VONDA,0.92,,,,70
21-A-586,65T,SAM,0.924,,,,70
21-A-587,65T,SAM,0.924,,,,70
21-A-588,65T,SAM,0.923,,,,70
21-A-589,65T,SAM,0.924,,,,69
21-A-590,65T,VONDA,0.92,,,,69
21-A-591,65T,SAM,0.924,,,,70
21-A-592,65T,LOIS,0.92,,,,70
21-A-593,65T,LOIS,0.92,,,,71
21-A-594,65T,LOIS,0.92,,,,70
21-A-595,65T,LOIS,0.92,,,,70
21-A-596,65T,LOIS,0.92,,,,70
22-A-1,65T,SAM,0.925,,,,70
22-A-2,65T,SAM,0.925,,,,68
22-A-3,65T,SAM,0.925,,,,69
22-A-4,65T,SAM,0.924,,,,68
22-A-5,65T,LOIS,0.92,,,,69
22-A-6,65T,LOIS,0.93,,,,70
22-A-7,65T,LOIS,0.924,,,,70
22-A-8,65T,LOIS,0.92,,,,69
22-A-9,65T,LOIS,0.922,,,,69
22-A-69,65T,SAM,0.923,,,,70
22-A-70,65T,SAM,0.92,,,,70
22-A-71,65T,SAM,0.919,,,,71
22-A-72,65T,SAM,0.922,,,,73
22-A-73,65T,SAM,0.923,,,,70
22-A-74,65T,SAM,0.927,,,,70
22-A-75,65T,SAM,0.923,,,,69
22-A-76,65T,SAM,0.926,,,,70
22-A-77,65T,SAM,0.92,,,,71
22-A-78,65T,SAM,0.92,,,,72
22-A-79,65T,SAM,0.92,,,,70
22-A-80,65T,SAM,0.92,,,,69
22-A-81,65T,SAM,0.92,,,,69
22-A-82,65T,SAM,0.92,,,,70
22-A-83,65T,SAM,0.92,,,,70
22-A-84,65T,SAM,0.92,,,,70
22-A-85,65T,VONDA,0.92,,,,71
22-A-86,65T,VONDA,0.92,,,,71
22-A-87,65T,VONDA,0.92,,,,71
22-A-88,65T,VONDA,0.92,,,,71
22-A-89,65T,VONDA,0.92,,,,71
22-A-90,65T,SAM,0.922,,,,69
22-A-91,65T,VONDA,0.922,,,,70
22-A-92,65T,VONDA,0.922,,,,69
22-A-93,65T,VONDA,0.922,,,,71
22-A-94,65T,VONDA,0.922,,,,69
22-A-95,65T,VONDA,0.922,,,,69
