date_code,thickness,amb_tensile_pre_cure,amb_elongation_pre_cure,amb_elongation_result,amb_tensile_result,hot_tensile_result,hot_elongation_result,overall_result
17-B-1045,65.0,23.9,610.0,1,1,1,1,1
17-B-1046,65.0,24.6,640.0,1,1,1,1,1
17-B-1047,65.0,25.7,701.0,1,1,1,1,1
17-B-1048,65.0,23.8,648.0,1,1,1,1,1
17-B-1049,65.0,23.2,599.0,1,1,1,1,1
17-B-1050,65.0,24.8,635.0,1,1,1,1,1
17-B-1051,65.0,22.0,559.0,1,1,1,1,1
17-B-1052,65.0,19.6,456.0,1,1,1,1,1
17-B-1054,65.0,23.8,825.0,1,1,1,1,1
17-B-1055,65.0,20.2,673.0,1,1,1,1,1
17-B-1056,65.0,18.3,482.0,1,1,1,1,1
17-B-1057,65.0,24.7,828.0,1,0,1,1,0
17-B-1058,65.0,24.7,673.0,1,1,1,1,1
17-B-1059,65.0,25.5,673.0,1,1,0,1,0
17-B-1060,65.0,24.2,632.0,1,1,1,1,1
17-B-1061,117.0,19.6,543.0,1,0,1,1,0
17-B-1062,117.0,20.1,501.0,1,0,1,1,0
17-B-1063,117.0,18.9,544.0,1,0,1,1,0
17-B-1064,117.0,20.1,501.0,1,0,0,1,0
17-B-1065,117.0,19.9,454.0,1,0,1,1,0
17-B-1066,117.0,19.9,168.0,1,0,1,1,0
17-B-1067,117.0,19.7,405.0,1,0,1,1,0
17-B-1068,117.0,19.9,282.0,1,0,1,1,0
17-B-1069,117.0,19.8,417.0,1,0,0,1,0
17-B-1070,117.0,19.2,375.0,1,0,0,1,0
17-B-1071,117.0,19.4,404.0,1,0,0,1,0
17-B-1072,117.0,19.8,315.0,1,1,0,1,0
17-B-1073,117.0,19.3,320.0,1,0,1,1,0
17-B-1074,117.0,19.8,396.0,1,0,1,1,0
17-B-1075,117.0,19.3,495.0,1,0,1,1,0
17-B-1076,117.0,20.2,513.0,1,0,1,1,0
17-B-1080,117.0,20.8,359.0,1,0,1,1,0
17-B-1081,117.0,21.0,480.0,1,0,1,1,0
17-B-1083,117.0,19.4,297.0,1,0,1,1,0
17-B-1084,117.0,20.5,275.0,1,0,1,1,0
17-B-1085,117.0,20.4,362.0,1,0,1,1,0
17-B-1086,117.0,20.8,391.0,1,0,1,1,0
17-B-1087,117.0,20.6,441.0,1,0,1,1,0
17-B-1088,117.0,19.8,456.0,1,0,1,1,0
17-B-1089,117.0,20.4,346.0,1,1,0,1,0
17-B-1090,117.0,20.5,430.0,1,0,0,1,0
17-B-1091,117.0,20.3,345.0,1,0,0,1,0
17-B-1092,117.0,19.9,486.0,1,0,0,1,0
17-B-1093,117.0,20.1,524.0,1,0,0,1,0
17-B-1094,117.0,20.6,518.0,1,0,0,1,0
17-B-1095,117.0,20.1,494.0,1,0,1,1,0
17-B-1096,117.0,20.8,495.0,1,0,1,1,0
17-B-1097,117.0,20.1,497.0,1,0,1,1,0
17-B-1098,117.0,20.4,491.0,1,0,1,1,0
17-B-1099,117.0,21.0,484.0,1,0,1,1,0
17-B-1100,117.0,20.6,491.0,1,0,1,1,0
17-B-1101,117.0,20.5,352.0,1,0,1,1,0
17-B-1102,117.0,21.1,369.0,1,0,1,1,0
17-B-1110,117.0,20.6,369.0,1,1,1,1,1
17-B-1111,117.0,21.2,389.0,1,0,1,1,0
17-B-1112,117.0,21.9,407.0,1,1,1,1,1
17-B-1113,117.0,21.5,381.0,1,1,1,1,1
17-B-1114,117.0,21.7,345.0,1,1,1,1,1
17-B-1115,117.0,20.7,551.0,1,0,1,1,0
17-B-1116,117.0,21.3,492.0,1,0,1,1,0
17-B-1117,117.0,20.8,378.0,1,0,0,1,0
17-B-1118,117.0,21.0,432.0,1,0,0,1,0
17-B-1119,117.0,21.6,416.0,1,0,1,1,0
17-B-1120,117.0,21.6,458.0,1,0,1,1,0
17-B-1121,117.0,22.4,567.0,1,0,1,1,0
17-B-1122,117.0,21.9,382.0,1,0,1,1,0
17-B-1123,117.0,21.5,513.0,1,1,1,1,1
17-B-1124,117.0,21.6,382.0,1,0,1,1,0
17-B-1192,65.0,27.1,714.0,1,1,1,1,1
17-B-1193,65.0,25.8,661.0,1,1,1,1,1
17-B-1194,65.0,24.3,611.0,1,1,1,1,1
17-B-1195,65.0,22.5,596.0,1,1,1,1,1
17-B-1196,65.0,23.9,683.0,1,1,1,1,1
17-B-1197,65.0,24.5,695.0,1,1,1,1,1
17-B-1198,65.0,26.0,694.0,1,1,1,1,1
17-B-1199,65.0,23.6,627.0,1,1,1,1,1
17-B-1200,65.0,24.5,702.0,1,1,1,1,1
17-B-1201,65.0,24.8,696.0,1,1,1,1,1
17-B-1203,65.0,21.2,586.0,1,1,0,1,0
17-B-1204,65.0,20.6,547.0,1,1,1,1,1
17-B-1205,65.0,23.7,802.0,1,1,1,1,1
17-B-1206,65.0,21.4,743.0,1,1,1,1,1
17-B-1207,65.0,21.4,763.0,1,1,1,1,1
17-B-1208,65.0,21.8,699.0,1,1,1,1,1
17-B-1209,65.0,23.2,791.0,1,1,1,1,1
17-B-1210,65.0,24.1,752.0,1,1,0,1,0
17-B-1211,65.0,24.0,795.0,1,1,1,1,1
17-B-1212,65.0,22.2,603.0,1,1,1,1,1
17-B-1213,65.0,25.4,780.0,1,1,1,1,1
17-B-1215,65.0,25.6,850.0,1,1,1,1,1
17-B-1216,65.0,27.4,984.0,1,1,1,1,1
17-B-1217,65.0,24.1,878.0,1,1,1,1,1
17-B-1218,65.0,27.6,938.0,1,1,1,1,1
17-B-1219,65.0,28.4,984.0,1,1,1,1,1
17-B-1221,65.0,25.9,996.0,1,1,1,1,1
17-B-1223,65.0,26.5,971.0,1,1,1,1,1
17-B-1224,117.0,19.3,181.1,1,0,1,1,0
17-B-1225,117.0,19.6,654.0,1,0,1,1,0
17-B-1226,117.0,19.6,342.0,1,0,1,1,0
17-B-1227,117.0,22.1,587.0,1,0,1,1,0
17-B-1232,117.0,20.1,643.0,1,0,1,1,0
17-B-1233,117.0,19.2,672.0,1,0,1,1,0
17-B-1236,117.0,19.9,623.0,1,0,1,1,0
17-B-1237,117.0,20.8,599.0,1,0,1,1,0
17-B-1238,117.0,20.3,537.0,1,0,1,1,0
17-B-1239,117.0,20.2,406.0,1,0,0,1,0
17-B-1242,117.0,20.8,439.0,1,0,0,1,0
17-B-1243,117.0,20.8,439.0,1,0,0,1,0
17-B-1244,117.0,18.9,723.0,1,0,0,1,0
17-B-1246,117.0,19.9,745.0,1,0,1,1,0
17-B-1247,117.0,20.2,539.0,1,0,0,1,0
17-B-1248,117.0,19.4,571.0,1,0,1,1,0
17-B-1249,117.0,20.4,464.0,1,0,1,1,0
17-B-1250,117.0,19.2,658.0,1,0,1,1,0
17-B-1251,117.0,19.4,469.0,1,0,1,1,0
17-B-1260,117.0,21.1,501.0,1,0,1,1,0
17-B-1261,117.0,21.0,508.0,1,0,1,1,0
17-B-1262,117.0,20.7,434.0,1,0,1,1,0
17-B-1263,117.0,21.5,457.0,1,0,0,1,0
17-B-1264,117.0,21.9,491.0,1,0,0,1,0
17-B-1265,117.0,21.3,510.0,1,0,0,1,0
17-B-1266,117.0,20.6,409.0,1,0,1,1,0
17-B-1267,117.0,21.3,437.0,1,0,1,1,0
17-B-1268,117.0,19.7,497.0,1,0,1,1,0
17-B-1269,117.0,20.5,469.0,1,0,1,1,0
17-B-1270,117.0,20.5,430.0,1,0,1,1,0
17-B-1272,117.0,20.8,375.0,1,1,0,1,0
17-B-1273,117.0,20.9,364.0,1,1,0,1,0
17-B-1274,117.0,20.8,409.0,1,1,1,1,1
17-B-1275,117.0,21.6,424.0,1,1,0,1,0
17-B-1276,117.0,21.2,534.0,1,1,1,1,1
17-B-1277,117.0,21.4,469.0,1,1,1,1,1
17-B-1278,117.0,20.3,486.0,1,0,0,1,0
17-B-1279,117.0,20.9,482.0,1,1,0,1,0
17-B-1280,117.0,20.0,353.0,1,0,0,1,0
17-B-1286,117.0,20.8,314.0,1,0,1,1,0
17-B-1287,117.0,21.1,258.0,1,0,1,1,0
17-B-1383,65.0,25.1,871.0,1,1,1,1,1
17-B-1384,65.0,22.3,584.0,1,1,1,1,1
17-B-1385,65.0,26.4,677.0,1,1,1,1,1
17-B-1387,65.0,27.4,707.0,1,1,1,1,1
17-B-1388,65.0,27.4,685.0,1,1,1,1,1
17-B-1389,65.0,29.0,689.0,1,1,1,1,1
17-B-1390,65.0,28.1,691.0,1,1,1,1,1
17-B-1392,65.0,26.4,683.0,1,1,1,1,1
17-B-1395,65.0,29.3,749.0,1,1,1,1,1
17-B-1397,65.0,26.1,659.0,1,1,1,1,1
17-B-1398,65.0,26.9,652.0,1,1,1,1,1
17-B-1399,65.0,24.8,602.0,1,1,1,1,1
17-B-1402,65.0,24.9,607.0,1,1,1,1,1
17-B-1403,65.0,28.7,721.0,1,1,1,1,1
17-B-1404,65.0,29.0,722.0,1,1,1,1,1
17-B-1405,65.0,27.5,708.0,1,1,1,1,1
17-B-1406,65.0,27.2,692.0,1,1,1,1,1
17-B-1408,65.0,26.6,737.0,1,1,1,1,1
17-B-1409,65.0,26.7,704.0,1,1,1,1,1
17-B-1414,65.0,19.6,539.0,1,1,1,1,1
17-B-1415,65.0,27.0,727.0,1,1,1,1,1
17-B-1416,65.0,26.2,680.0,1,1,1,1,1
17-B-1417,65.0,30.3,743.0,1,1,1,1,1
17-B-1418,65.0,29.8,738.0,1,1,1,1,1
17-B-1419,65.0,29.3,700.0,1,1,1,1,1
17-B-1420,65.0,28.0,673.0,1,1,1,1,1
17-B-1422,65.0,27.6,704.0,1,1,1,1,1
17-B-1423,117.0,19.7,482.0,1,0,1,1,0
17-B-1424,117.0,20.0,530.0,1,0,1,1,0
17-B-1425,117.0,19.6,494.0,1,1,1,1,1
17-B-1426,117.0,20.1,448.0,1,0,1,1,0
17-B-1427,117.0,19.5,491.0,1,0,1,1,0
17-B-1428,117.0,19.8,345.0,1,1,1,1,1
17-B-1429,117.0,18.8,385.0,1,0,1,1,0
17-B-1430,117.0,19.5,419.0,1,0,0,1,0
17-B-1431,117.0,19.9,476.0,1,1,1,1,1
17-B-1432,117.0,20.6,461.0,1,1,0,1,0
17-B-1433,117.0,19.1,427.0,1,1,1,1,1
17-B-1434,117.0,19.7,446.0,1,1,1,1,1
17-B-1435,117.0,18.3,660.0,1,0,1,1,0
17-B-1436,117.0,19.1,728.0,1,0,1,1,0
17-B-1437,117.0,20.2,696.0,1,1,1,1,1
17-B-1438,117.0,19.9,674.0,1,0,1,1,0
17-B-1439,117.0,18.7,100.1,1,0,1,1,0
17-B-1440,117.0,19.5,563.0,1,0,1,1,0
17-B-1441,117.0,19.9,543.0,1,0,1,1,0
17-B-1442,117.0,19.7,435.0,1,1,1,1,1
17-B-1443,117.0,19.8,469.0,1,1,1,1,1
17-B-1444,117.0,20.5,515.0,1,0,0,1,0
17-B-1445,117.0,19.9,470.0,1,1,0,1,0
17-B-1446,117.0,19.8,379.0,1,1,0,1,0
17-B-1447,117.0,20.8,331.0,1,1,0,1,0
17-B-1448,117.0,21.1,354.0,1,1,0,1,0
17-B-1449,117.0,19.8,439.0,1,1,0,1,0
17-B-1450,117.0,20.4,501.0,1,1,0,1,0
17-B-1451,117.0,20.3,598.0,1,1,0,1,0
17-B-1452,117.0,19.7,416.0,1,1,0,1,0
17-B-1453,117.0,19.6,597.0,1,1,0,1,0
17-B-1454,117.0,20.7,596.0,1,1,0,1,0
17-B-1455,117.0,19.8,385.0,1,1,1,1,1
17-B-1456,117.0,20.7,318.0,1,0,1,1,0
17-B-1459,117.0,21.0,486.0,1,1,0,1,0
17-B-1460,117.0,20.7,458.0,1,1,0,1,0
17-B-1461,117.0,21.2,405.0,1,0,1,1,0
17-B-1462,117.0,21.3,524.0,1,1,0,1,0
17-B-1463,117.0,21.1,487.0,1,1,1,1,1
17-B-1464,117.0,21.6,507.0,1,1,1,1,1
17-B-1465,117.0,20.5,524.0,1,1,0,1,0
17-B-1466,117.0,20.6,449.0,1,1,0,1,0
17-B-1469,117.0,20.7,353.0,1,1,1,1,1
17-B-1470,117.0,20.9,327.0,1,0,0,1,0
17-B-1473,117.0,20.3,382.0,1,1,1,1,1
17-B-1474,117.0,20.8,490.0,1,1,1,1,1
17-B-1475,117.0,21.6,484.0,1,1,1,1,1
17-B-1476,117.0,22.1,440.0,1,1,1,1,1
17-B-1477,117.0,20.8,444.0,1,1,1,1,1
17-B-1478,117.0,21.2,400.0,1,1,1,1,1
17-B-1481,117.0,19.9,536.0,1,1,1,1,1
17-B-1482,117.0,21.5,452.0,1,1,1,1,1
17-B-1483,117.0,20.7,471.0,1,1,1,1,1
17-B-1484,117.0,20.8,471.0,1,1,1,1,1
17-B-1485,117.0,20.3,542.0,1,1,0,1,0
17-B-1486,117.0,21.1,538.0,1,0,1,1,0
17-B-1572,117.0,20.4,683.0,1,1,1,1,1
17-B-1573,117.0,20.3,627.0,1,1,0,1,0
17-B-1574,117.0,21.0,510.0,1,0,0,1,0
17-B-1575,117.0,20.3,1.63,1,1,0,1,0
17-B-1576,117.0,19.8,471.0,0,0,1,1,0
17-B-1577,117.0,20.5,620.0,1,1,1,1,1
17-B-1578,117.0,21.5,682.0,1,1,0,1,0
17-B-1579,117.0,20.1,593.0,1,1,0,1,0
17-B-1580,117.0,20.4,658.0,1,0,0,1,0
17-B-1581,117.0,20.5,566.0,1,1,0,1,0
17-B-1582,117.0,20.3,546.0,1,1,0,1,0
17-B-1583,117.0,20.8,534.0,1,1,0,1,0
17-B-1584,117.0,20.2,562.0,1,1,0,1,0
17-B-1585,117.0,20.7,591.0,1,1,0,1,0
17-B-1586,117.0,20.1,328.0,1,1,0,1,0
17-B-1587,117.0,20.5,320.0,1,1,1,1,1
17-B-1588,117.0,19.5,366.0,1,1,0,1,0
17-B-1589,117.0,20.1,346.0,1,1,0,1,0
17-B-1590,117.0,19.12,341.0,1,1,0,1,0
17-B-1591,117.0,18.6,283.0,1,1,0,1,0
17-B-1592,117.0,19.1,345.0,1,1,1,1,1
17-B-1593,117.0,19.2,363.0,1,1,0,1,0
17-B-1594,117.0,19.5,369.0,1,1,1,1,1
17-B-1595,117.0,19.6,499.0,1,1,1,1,1
17-B-1596,117.0,20.2,521.0,1,1,0,1,0
17-B-1597,117.0,21.3,441.0,1,1,1,1,1
17-B-1598,117.0,20.7,484.0,1,1,0,1,0
17-B-1599,117.0,21.0,452.0,1,1,0,1,0
17-B-1600,117.0,20.2,383.0,1,1,1,1,1
17-B-1601,117.0,20.2,649.0,1,1,1,1,1
17-B-1602,117.0,20.2,476.0,1,1,0,1,0
17-B-1603,117.0,20.9,505.0,1,1,0,1,0
17-B-1604,117.0,20.9,444.0,1,0,0,1,0
17-B-1605,117.0,20.5,451.0,1,0,0,1,0
17-B-1606,117.0,20.5,440.0,1,0,0,1,0
17-B-1607,117.0,20.7,434.0,1,0,1,1,0
17-B-1608,117.0,19.9,549.0,1,0,0,1,0
17-B-1609,117.0,20.6,572.0,1,0,0,1,0
17-B-1610,117.0,20.8,464.0,1,1,0,1,0
17-B-1611,117.0,21.2,523.0,1,1,0,1,0
17-B-1614,117.0,21.4,498.0,1,1,0,1,0
17-B-1615,117.0,22.8,465.0,1,0,0,1,0
17-B-1617,117.0,23.3,523.0,1,1,0,1,0
17-B-1618,117.0,22.7,555.0,1,1,0,1,0
17-B-1619,117.0,23.1,418.0,1,0,0,1,0
17-B-1620,117.0,22.5,467.0,1,0,1,1,0
17-B-1621,117.0,22.3,518.0,1,0,0,1,0
17-B-1622,117.0,22.7,420.0,1,1,0,1,0
17-B-1623,117.0,22.5,549.0,1,1,0,1,0
17-B-1626,117.0,21.2,532.0,1,0,1,1,0
17-B-1627,117.0,20.9,594.0,1,0,1,1,0
17-B-1628,117.0,21.1,660.0,1,1,0,1,0
17-B-1629,117.0,21.0,574.0,1,0,0,1,0
17-B-1630,117.0,21.0,515.0,1,0,0,1,0
17-B-1631,117.0,20.5,560.0,1,1,0,1,0
17-B-1632,117.0,19.7,526.0,1,0,0,1,0
17-B-1633,117.0,20.1,580.0,1,1,1,1,1
17-B-1634,117.0,19.5,436.0,1,0,1,1,0
17-B-1635,117.0,21.3,475.0,1,0,0,1,0
17-B-1636,65.0,27.0,822.0,1,1,1,1,1
17-B-1637,65.0,26.0,678.0,1,1,1,1,1
17-B-1638,65.0,24.9,637.0,1,1,1,1,1
17-B-1639,65.0,23.3,805.0,1,1,1,1,1
17-B-1640,65.0,26.8,733.0,1,1,1,1,1
17-B-1641,65.0,23.1,857.0,1,1,1,1,1
17-B-1642,65.0,20.5,463.0,1,1,1,1,1
17-B-1643,65.0,21.0,521.0,1,1,1,1,1
17-B-1644,45.0,25.5,586.0,1,1,1,1,1
17-B-1645,45.0,25.5,463.0,1,1,1,1,1
17-B-1756,65.0,28.9,797.0,1,1,1,1,1
17-B-1757,65.0,21.3,520.0,1,1,1,1,1
17-B-1758,65.0,24.1,769.0,1,1,1,1,1
17-B-1759,65.0,21.5,566.0,1,1,1,1,1
17-B-1760,65.0,24.9,710.0,1,1,1,1,1
17-B-1761,65.0,27.0,636.0,1,1,1,1,1
17-B-1765,65.0,28.3,732.0,1,1,1,1,1
17-B-1766,65.0,29.4,697.0,1,1,1,1,1
17-B-1767,65.0,27.8,642.0,1,1,1,1,1
17-B-1768,65.0,22.1,541.0,1,1,1,1,1
17-B-1773,65.0,23.3,573.0,1,1,1,1,1
17-B-1780,65.0,25.8,661.0,1,1,1,1,1
17-B-1817,65.0,26.3,696.0,1,1,1,1,1
17-B-1819,65.0,26.5,719.0,1,1,1,1,1
17-B-1820,65.0,26.7,733.0,1,1,1,1,1
17-B-1821,65.0,22.9,605.0,1,1,1,1,1
17-B-1822,65.0,27.1,737.0,1,1,1,1,1
17-B-1823,65.0,24.0,655.0,1,1,1,1,1
17-B-1824,65.0,20.3,545.0,1,1,1,1,1
17-B-1825,65.0,25.3,673.0,1,1,1,1,1
17-B-1826,65.0,27.2,696.0,1,1,1,1,1
17-B-1827,65.0,26.5,679.0,1,1,1,1,1
17-B-1828,65.0,22.3,532.0,1,1,0,1,0
17-B-1829,65.0,28.0,685.0,1,1,1,1,1
17-B-1830,65.0,25.4,684.0,1,1,0,1,0
17-B-1831,65.0,24.3,681.0,1,1,1,1,1
17-B-1832,65.0,25.0,701.0,1,1,1,1,1
17-B-1833,65.0,26.1,692.0,1,1,1,1,1
17-B-1834,65.0,25.2,692.0,1,1,1,1,1
17-B-1835,65.0,26.2,745.0,1,1,1,1,1
17-B-1836,65.0,25.3,715.0,1,1,1,1,1
17-B-1837,65.0,26.0,705.0,1,1,1,1,1
17-B-1838,65.0,22.2,593.0,1,1,1,1,1
17-B-1839,65.0,25.5,670.0,1,1,1,1,1
17-B-1842,65.0,19.6,461.0,1,1,1,1,1
17-B-1843,65.0,25.4,912.0,1,1,1,1,1
17-B-1844,65.0,22.6,823.0,1,1,1,1,1
17-B-1846,65.0,23.4,886.0,1,1,1,1,1
17-B-1851,65.0,22.4,801.0,1,1,1,1,1
17-B-1852,65.0,25.3,871.0,1,1,1,1,1
17-B-1853,65.0,24.4,972.0,1,1,1,1,1
17-B-1854,65.0,23.3,888.0,1,1,1,1,1
17-B-1876,117.0,20.2,511.0,1,1,0,1,0
17-B-1877,117.0,19.9,484.0,1,0,1,1,0
17-B-1878,117.0,20.2,481.0,1,1,1,1,1
17-B-1879,117.0,20.1,485.0,1,1,1,1,1
17-B-1880,117.0,20.8,460.0,1,1,1,1,1
17-B-1881,117.0,20.4,533.0,1,0,1,1,0
17-B-1882,117.0,22.0,502.0,1,1,1,1,1
17-B-1883,117.0,20.9,405.0,1,1,1,1,1
17-B-1884,117.0,20.9,346.0,1,1,0,1,0
17-B-1885,117.0,21.5,410.0,1,1,1,1,1
17-B-1886,117.0,21.0,420.0,1,1,0,1,0
17-B-1887,117.0,20.1,305.0,1,0,1,1,0
17-B-1888,117.0,20.5,521.0,1,1,1,1,1
17-B-1889,117.0,21.7,504.0,1,1,1,1,1
17-B-1891,117.0,20.6,422.0,1,1,1,1,1
17-B-1893,117.0,21.7,444.0,1,1,1,1,1
17-B-1895,117.0,22.1,476.0,1,1,1,1,1
17-B-1898,117.0,21.5,474.0,1,1,0,1,0
17-B-1899,117.0,20.6,378.0,1,1,0,1,0
17-B-1900,117.0,21.4,296.0,1,1,1,1,1
17-B-1901,117.0,20.4,467.0,1,1,1,1,1
17-B-1903,117.0,20.1,333.0,1,1,1,1,1
17-B-1905,117.0,20.3,388.0,1,1,0,1,0
17-B-1906,117.0,20.7,284.0,1,0,1,1,0
17-B-1907,117.0,21.2,282.0,1,1,1,1,1
17-B-1910,117.0,19.7,582.0,1,1,0,1,0
17-B-1911,117.0,21.5,381.0,1,1,0,1,0
17-B-1912,117.0,20.8,338.0,1,1,0,1,0
17-B-1913,117.0,20.8,338.0,1,1,0,1,0
17-B-1914,117.0,20.2,483.0,1,1,0,1,0
17-B-1915,117.0,20.2,688.0,1,1,0,1,0
17-B-1916,117.0,20.5,638.0,1,1,1,1,1
17-B-1917,117.0,19.9,370.0,1,1,1,1,1
17-B-1918,117.0,20.3,609.0,1,1,1,1,1
17-B-1919,117.0,20.5,625.0,1,1,1,1,1
17-B-1920,117.0,21.4,358.0,1,1,1,1,1
17-B-1921,117.0,21.8,292.0,1,1,1,1,1
17-B-1922,117.0,20.6,717.0,1,0,1,1,0
17-B-1923,117.0,21.4,357.0,1,1,1,1,1
17-B-1924,117.0,21.9,369.0,1,0,1,1,0
17-B-1925,117.0,22.7,274.0,1,1,1,1,1
17-B-1926,117.0,20.2,409.0,1,0,1,1,0
17-B-1927,117.0,20.5,489.0,1,1,1,1,1
17-B-1929,117.0,21.2,375.0,1,0,1,1,0
17-B-1930,117.0,21.2,314.0,1,0,0,1,0
17-B-1931,117.0,21.6,386.0,1,0,1,1,0
17-B-1932,117.0,21.2,468.0,1,1,0,1,0
17-B-1933,117.0,21.6,566.0,1,0,0,1,0
17-B-1934,117.0,20.8,421.0,1,0,1,1,0
17-B-1935,117.0,21.2,669.0,1,1,0,1,0
17-B-2124,65.0,30.3,764.0,1,1,1,1,1
17-B-2127,65.0,30.5,755.0,1,1,1,1,1
17-B-2128,65.0,24.9,717.0,1,1,1,1,1
17-B-2131,65.0,26.6,695.0,1,1,1,1,1
17-B-2132,65.0,23.7,575.0,1,1,1,1,1
17-B-2135,65.0,29.4,769.0,1,1,1,1,1
17-B-2136,65.0,29.5,654.0,1,1,0,1,0
17-B-2138,65.0,26.2,809.0,1,1,0,1,0
17-B-2139,65.0,27.6,675.0,1,1,1,1,1
17-B-2140,65.0,23.7,574.0,1,1,1,1,1
17-B-2141,65.0,25.5,637.0,1,1,1,1,1
17-B-2142,65.0,21.3,753.0,1,1,1,1,1
17-B-2143,65.0,22.1,730.0,1,1,1,1,1
17-B-2144,65.0,22.0,664.0,1,1,1,1,1
17-B-2147,65.0,30.1,338.0,1,1,1,1,1
17-B-2186,117.0,20.8,535.0,1,1,0,1,0
17-B-2187,117.0,21.0,296.0,1,1,0,1,0
17-B-2189,117.0,21.0,325.0,1,1,0,1,0
17-B-2190,117.0,20.9,533.0,1,0,0,1,0
17-B-2191,117.0,20.4,383.0,1,1,0,1,0
17-B-2192,117.0,20.3,547.0,1,1,0,1,0
17-B-2193,117.0,20.0,438.0,1,1,1,1,1
17-B-2194,117.0,19.7,410.0,1,1,0,1,0
17-B-2195,117.0,21.1,505.0,1,1,0,1,0
17-B-2196,117.0,20.0,329.0,1,1,1,1,1
17-B-2197,117.0,20.1,701.0,1,1,0,1,0
17-B-2198,117.0,19.5,594.0,1,1,0,1,0
17-B-2199,117.0,20.4,488.0,1,1,1,1,1
17-B-2200,117.0,21.4,594.0,1,1,1,1,1
17-B-2201,117.0,21.3,475.0,1,1,1,1,1
17-B-2202,117.0,20.4,536.0,1,1,1,1,1
17-B-2203,117.0,21.3,504.0,1,1,1,1,1
17-B-2204,117.0,19.2,344.0,1,1,1,1,1
17-B-2205,117.0,20.5,389.0,1,1,1,1,1
17-B-2206,117.0,21.1,357.0,1,1,0,1,0
17-B-2207,117.0,20.2,459.0,1,1,0,1,0
17-B-2208,117.0,21.0,473.0,1,1,0,1,0
17-B-2209,117.0,21.0,361.0,1,1,0,1,0
17-B-2210,117.0,20.7,480.0,1,1,0,1,0
17-B-2211,117.0,20.7,453.0,1,1,0,1,0
17-B-2212,117.0,21.4,482.0,1,1,0,1,0
17-B-2213,117.0,21.6,479.0,1,1,0,1,0
17-B-2214,117.0,22.0,503.0,1,1,1,1,1
17-B-2215,117.0,21.7,481.0,1,1,1,1,1
17-B-2216,117.0,20.7,503.0,1,1,1,1,1
17-B-2217,117.0,21.1,445.0,1,1,1,1,1
17-B-2218,117.0,20.6,619.0,1,0,1,1,0
17-B-2219,117.0,22.0,469.0,1,1,0,1,0
17-B-2220,117.0,21.3,384.0,1,1,0,1,0
17-B-2221,117.0,21.4,388.0,1,1,0,1,0
17-B-2222,117.0,21.7,579.0,1,1,1,1,1
17-B-2223,117.0,21.1,558.0,1,1,1,1,1
17-B-2224,117.0,21.5,554.0,1,1,0,1,0
17-B-2225,117.0,21.0,512.0,1,1,1,1,1
17-B-2227,117.0,19.75,500.0,1,0,0,1,0
17-B-2228,117.0,19.7,441.0,1,1,1,1,1
17-B-2230,117.0,20.9,399.0,1,1,1,1,1
17-B-2231,117.0,19.5,425.0,1,1,1,1,1
17-B-2232,117.0,20.7,460.0,1,0,1,1,0
17-B-2233,117.0,19.9,574.0,1,1,1,1,1
17-B-2234,117.0,20.6,387.0,1,0,1,1,0
17-B-2235,117.0,20.4,508.0,1,1,1,1,1
17-B-2236,117.0,20.4,705.0,1,1,1,1,1
17-B-2238,117.0,20.3,520.0,1,1,0,1,0
17-B-2239,117.0,19.4,575.5,1,1,1,1,1
17-B-2241,117.0,19.7,676.0,1,1,1,1,1
17-B-2242,117.0,19.9,433.0,1,1,0,1,0
17-B-2243,117.0,20.1,412.0,1,0,0,1,0
17-B-2244,117.0,20.8,530.0,1,1,1,1,1
17-B-2245,117.0,20.2,484.0,1,1,0,1,0
17-B-2246,117.0,19.4,396.0,1,1,1,1,1
17-B-2247,117.0,20.4,427.0,1,1,1,1,1
17-B-2248,117.0,20.0,457.0,1,0,1,1,0
17-B-2249,117.0,20.9,515.0,1,0,1,1,0
17-B-2270,65.0,24.8,634.0,1,1,1,1,1
17-B-2271,65.0,27.4,705.0,1,1,1,1,1
17-B-2272,65.0,23.6,562.0,1,1,1,1,1
17-B-2273,65.0,23.3,665.0,1,1,1,1,1
17-B-2274,65.0,21.4,405.0,1,1,1,1,1
17-B-2275,65.0,22.0,519.0,1,1,1,1,1
17-B-2276,65.0,23.4,568.0,1,1,1,1,1
17-B-2277,65.0,23.3,649.0,1,1,1,1,1
17-B-2279,65.0,22.9,560.0,1,1,1,1,1
17-B-2284,65.0,25.5,630.0,1,1,1,1,1
17-B-2370,117.0,21.3,309.0,1,1,1,1,1
17-B-2371,117.0,22.1,368.0,1,1,1,1,1
17-B-2372,117.0,20.9,326.0,1,1,1,1,1
17-B-2373,117.0,21.1,291.0,1,1,1,1,1
17-B-2374,117.0,20.3,336.0,1,1,1,1,1
17-B-2375,117.0,21.5,412.0,1,1,1,1,1
17-B-2376,117.0,21.8,370.0,1,1,1,1,1
17-B-2377,117.0,22.1,404.0,1,1,1,1,1
17-B-2378,117.0,21.5,329.0,1,1,0,1,0
17-B-2379,117.0,22.2,303.0,1,1,0,1,0
17-B-2380,117.0,21.3,412.0,1,1,0,1,0
17-B-2381,117.0,21.1,338.0,1,1,0,1,0
17-B-2382,117.0,22.7,439.0,1,1,1,1,1
17-B-2383,117.0,22.6,469.0,1,1,1,1,1
17-B-2384,117.0,20.9,344.0,1,1,1,1,1
17-B-2385,117.0,20.2,302.0,1,1,1,1,1
17-B-2386,117.0,20.1,295.0,1,1,1,1,1
17-B-2387,117.0,20.3,437.0,1,1,0,1,0
17-B-2388,117.0,19.1,374.0,1,1,0,1,0
17-B-2389,117.0,19.5,404.0,1,1,0,1,0
17-B-2390,117.0,19.5,721.0,1,1,1,1,1
17-B-2391,117.0,20.4,506.0,1,1,1,1,1
17-B-2392,117.0,21.3,784.0,1,1,1,1,1
17-B-2393,117.0,21.3,812.0,1,1,1,1,1
17-B-2394,117.0,20.5,841.0,1,1,0,1,0
17-B-2396,117.0,21.9,390.0,1,1,0,1,0
17-B-2397,117.0,20.3,391.0,1,1,0,1,0
17-B-2398,117.0,21.2,607.0,1,1,1,1,1
17-B-2399,117.0,21.1,538.0,1,1,1,1,1
17-B-2400,117.0,21.5,330.0,1,0,1,1,0
17-B-2402,117.0,20.8,474.0,1,1,0,1,0
17-B-2403,117.0,20.5,541.0,1,1,0,1,0
17-B-2406,117.0,19.9,395.0,1,1,0,1,0
17-B-2408,117.0,20.8,774.0,1,1,1,1,1
17-B-2409,117.0,21.0,599.0,1,1,1,1,1
17-B-2410,117.0,19.6,524.0,1,1,1,1,1
17-B-2411,117.0,20.3,618.0,1,1,1,1,1
17-B-2412,117.0,20.4,327.0,1,1,1,1,1
17-B-2413,117.0,19.8,475.0,1,1,0,1,0
17-B-2414,117.0,20.8,475.0,1,1,1,1,1
17-B-2415,117.0,20.8,323.0,1,1,1,1,1
17-B-2416,117.0,20.5,185.0,1,1,1,1,1
17-B-2417,117.0,20.5,422.0,1,1,1,1,1
17-B-2418,117.0,21.9,510.0,1,1,1,1,1
17-B-2419,117.0,21.3,498.0,1,1,1,1,1
17-B-2420,117.0,21.1,521.0,1,1,1,1,1
17-B-2421,117.0,21.4,544.0,1,1,1,1,1
17-B-2422,117.0,21.7,480.0,1,1,1,1,1
17-B-2423,117.0,21.0,427.0,1,1,1,1,1
17-B-2424,117.0,21.8,452.0,1,1,1,1,1
17-B-2425,117.0,22.7,418.0,1,1,1,1,1
17-B-2426,117.0,21.6,535.0,1,1,0,1,0
17-B-2427,117.0,21.6,495.0,1,1,0,1,0
17-B-2428,117.0,21.1,438.0,1,1,0,1,0
17-B-2429,117.0,21.9,442.0,1,1,0,1,0
17-B-2430,117.0,21.5,338.0,1,1,0,1,0
17-B-2431,117.0,21.1,393.0,1,0,0,1,0
17-B-2439,45.0,28.4,659.0,1,1,1,1,1
17-B-2442,45.0,27.6,881.0,1,1,1,1,1
17-B-2443,45.0,28.1,863.0,1,1,1,1,1
17-B-2445,45.0,30.1,867.0,1,1,1,1,1
17-B-2504,117.0,19.3,4.25,1,1,1,1,1
17-B-2505,117.0,20.4,334.0,1,1,1,1,1
17-B-2506,117.0,20.3,326.0,1,1,1,1,1
17-B-2507,117.0,20.1,310.0,1,1,0,1,0
17-B-2508,117.0,20.2,419.0,1,1,1,1,1
17-B-2509,117.0,21.2,435.0,1,1,0,1,0
17-B-2510,117.0,20.2,532.0,1,1,1,1,1
17-B-2512,117.0,22.6,513.0,1,1,1,1,1
17-B-2513,117.0,22.1,577.0,1,1,1,1,1
17-B-2514,117.0,21.0,516.0,1,1,0,1,0
17-B-2516,117.0,20.8,422.0,1,1,0,1,0
17-B-2517,117.0,20.9,320.0,1,1,0,1,0
17-B-2518,117.0,22.2,569.0,1,1,1,1,1
17-B-2519,117.0,22.5,532.0,1,1,1,1,1
17-B-2520,117.0,20.0,505.0,1,1,1,1,1
17-B-2521,117.0,21.3,470.0,1,1,0,1,0
17-B-2522,117.0,19.5,474.0,1,1,0,1,0
17-B-2523,117.0,20.3,457.0,1,0,0,1,0
17-B-2524,117.0,19.2,465.0,1,1,0,1,0
17-B-2525,117.0,21.0,524.0,1,1,0,1,0
17-B-2526,117.0,21.2,508.0,1,1,1,1,1
17-B-2527,117.0,20.9,577.0,1,0,1,1,0
17-B-2528,117.0,21.0,561.0,1,0,1,1,0
17-B-2529,117.0,21.3,670.0,1,0,1,1,0
17-B-2530,117.0,21.4,382.0,1,1,0,1,0
17-B-2531,117.0,21.6,489.0,1,1,0,1,0
17-B-2532,117.0,21.5,373.0,1,1,0,1,0
17-B-2533,117.0,21.7,550.0,1,0,0,1,0
17-B-2534,117.0,20.0,394.0,1,1,0,1,0
17-B-2535,117.0,20.4,306.0,1,0,1,1,0
17-B-2536,117.0,20.9,422.0,1,0,0,1,0
17-B-2537,117.0,21.1,289.0,1,0,0,1,0
17-B-2538,117.0,20.9,583.0,1,0,1,1,0
17-B-2539,117.0,22.0,499.0,1,1,1,1,1
17-B-2540,117.0,22.1,569.0,1,0,0,1,0
17-B-2541,117.0,21.8,501.0,1,1,0,1,0
17-B-2542,117.0,22.1,586.0,1,1,0,1,0
17-B-2543,117.0,21.6,525.0,1,0,1,1,0
17-B-2544,117.0,21.7,690.0,1,0,0,1,0
17-B-2545,117.0,20.9,416.0,1,0,0,1,0
17-B-2546,117.0,20.3,459.0,1,1,1,1,1
17-B-2547,117.0,20.9,328.0,1,0,0,1,0
17-B-2548,117.0,19.05,261.5,1,0,0,1,0
17-B-2549,117.0,19.3,295.5,1,1,0,1,0
17-B-2550,117.0,19.4,352.0,1,1,0,1,0
17-B-2551,117.0,19.4,460.0,1,1,0,1,0
17-B-2552,117.0,19.4,441.0,1,1,1,1,1
17-B-2553,117.0,19.1,354.0,1,1,0,1,0
17-B-2554,117.0,17.8,336.0,1,0,1,1,0
17-B-2555,117.0,18.7,474.0,1,1,0,1,0
17-B-2556,117.0,18.1,415.0,1,1,0,1,0
17-B-2557,117.0,18.8,493.0,1,1,0,1,0
17-B-2558,117.0,19.3,535.0,1,1,0,1,0
17-B-2560,117.0,21.2,511.0,1,0,0,1,0
17-B-2561,117.0,20.3,555.0,1,1,0,1,0
17-B-2562,117.0,20.8,516.0,1,1,0,1,0
17-B-2563,117.0,21.3,479.0,1,1,0,1,0
17-B-2564,117.0,21.4,592.0,1,1,0,1,0
17-B-2565,117.0,21.9,565.0,1,1,0,1,0
17-B-2566,117.0,21.8,466.0,1,1,0,1,0
17-B-2567,117.0,21.3,478.0,1,1,0,1,0
17-B-2568,72.0,27.8,699.0,1,1,1,1,1
17-B-2574,72.0,30.0,747.0,1,1,1,1,1
17-B-2575,72.0,29.6,719.0,1,1,1,1,1
17-B-2576,72.0,28.9,736.0,1,1,1,1,1
17-B-2577,72.0,29.1,713.0,1,1,1,1,1
17-B-2580,72.0,26.9,672.0,1,1,0,1,0
17-B-2581,72.0,25.7,635.0,1,1,1,1,1
17-B-2587,65.0,31.2,917.0,1,1,1,1,1
17-B-2593,65.0,31.1,849.0,1,1,1,1,1
17-B-2594,65.0,29.5,814.0,1,1,1,1,1
17-B-2595,65.0,26.9,766.0,1,1,1,1,1
17-B-2598,65.0,30.5,852.0,1,1,1,1,1
17-B-2599,65.0,26.3,825.0,1,1,1,1,1
17-B-2795,117.0,21.0,562.0,1,0,1,1,0
17-B-2796,117.0,20.0,526.0,1,0,0,1,0
17-B-2797,117.0,21.0,572.0,1,1,0,1,0
17-B-2798,117.0,20.0,615.0,1,1,0,1,0
17-B-2799,117.0,22.0,611.0,1,1,0,1,0
17-B-2800,117.0,21.0,556.0,1,1,0,1,0
17-B-2801,117.0,21.8,535.0,1,0,0,1,0
17-B-2802,117.0,22.0,296.0,1,0,0,1,0
17-B-2803,117.0,22.2,441.0,1,0,0,1,0
17-B-2804,117.0,22.2,377.0,1,1,0,1,0
17-B-2805,117.0,22.3,553.0,1,0,1,1,0
17-B-2806,117.0,22.2,287.0,1,0,1,1,0
17-B-2807,117.0,21.1,604.0,1,0,1,1,0
17-B-2808,117.0,21.5,444.0,1,0,1,1,0
17-B-2809,117.0,21.7,337.0,1,0,0,1,0
17-B-2810,117.0,20.4,317.0,1,0,0,1,0
17-B-2811,117.0,19.8,428.0,1,0,1,1,0
17-B-2812,117.0,20.3,340.0,1,0,1,1,0
17-B-2813,117.0,20.2,270.0,1,0,1,1,0
17-B-2814,117.0,19.4,261.0,1,0,1,1,0
17-B-2815,117.0,21.1,372.0,1,0,1,1,0
17-B-2816,117.0,19.9,304.0,1,0,1,1,0
17-B-2817,117.0,19.5,330.0,1,0,0,1,0
17-B-2818,117.0,19.7,386.0,1,0,1,1,0
17-B-2819,117.0,20.5,343.0,1,0,0,1,0
17-B-2820,117.0,19.9,336.0,1,0,0,1,0
17-B-2821,117.0,19.8,339.0,1,0,0,1,0
17-B-2822,117.0,20.3,302.0,1,1,1,1,1
17-B-2823,117.0,19.6,345.0,1,1,0,1,0
17-B-2824,117.0,21.4,369.0,1,0,0,1,0
17-B-2825,117.0,20.7,263.0,1,0,1,1,0
17-B-2826,117.0,20.9,390.0,1,1,1,1,1
17-B-2827,117.0,22.1,356.0,0,0,1,1,0
17-B-2828,117.0,21.2,243.0,1,1,0,1,0
17-B-2829,117.0,21.5,223.0,0,1,0,1,0
17-B-2830,117.0,21.6,356.0,0,0,0,1,0
17-B-2831,117.0,18.8,86.0,1,1,0,1,0
17-B-2832,117.0,21.6,377.0,1,1,0,1,0
17-B-2833,117.0,21.2,526.0,1,1,1,1,1
17-B-2834,117.0,21.6,586.0,1,1,1,1,1
17-B-2835,117.0,22.5,565.0,1,1,0,1,0
17-B-2836,117.0,22.2,430.0,1,1,0,1,0
17-B-2837,117.0,22.4,289.0,1,1,0,1,0
17-B-2838,117.0,21.9,355.0,1,0,0,1,0
17-B-2839,117.0,22.0,427.0,1,0,1,1,0
17-B-2840,117.0,21.4,412.0,1,0,1,1,0
17-B-2841,117.0,22.7,500.0,1,0,0,1,0
17-B-2842,117.0,21.8,481.0,1,0,0,1,0
17-B-2843,117.0,21.0,163.0,1,0,0,1,0
17-B-2844,117.0,20.1,390.0,1,0,0,1,0
17-B-2845,117.0,22.7,542.0,1,0,0,1,0
17-B-2846,117.0,21.5,316.0,1,0,0,1,0
17-B-2847,117.0,21.2,440.0,1,0,1,1,0
17-B-2848,117.0,21.3,511.0,1,1,0,1,0
17-B-2849,117.0,21.6,376.0,1,1,1,1,1
17-B-2850,117.0,23.0,461.0,1,0,0,1,0
17-B-2851,117.0,22.9,555.0,1,0,0,1,0
17-B-2852,117.0,22.9,344.0,1,1,0,1,0
17-B-2853,117.0,21.4,430.0,1,1,1,1,1
17-B-2854,117.0,22.6,367.0,1,1,1,1,1
17-B-2855,117.0,22.9,526.0,1,0,1,1,0
17-B-2856,117.0,22.9,458.0,1,1,1,1,1
17-B-2857,117.0,22.8,500.0,1,1,1,1,1
17-B-2858,117.0,22.7,419.0,1,0,1,1,0
17-B-2859,117.0,22.6,565.0,1,1,0,1,0
17-B-2860,117.0,22.5,394.0,1,1,1,1,1
17-B-2861,117.0,22.9,471.0,1,1,1,1,1
17-B-2862,117.0,22.3,498.0,1,1,0,1,0
17-B-2863,117.0,21.4,405.0,1,1,0,1,0
17-B-2864,117.0,22.0,511.0,1,1,1,1,1
17-B-2865,117.0,21.7,540.0,1,1,0,1,0
17-B-2866,117.0,21.8,533.0,1,0,1,1,0
17-B-2867,117.0,21.4,434.0,1,1,0,1,0
17-B-2868,117.0,22.4,436.0,1,1,0,1,0
17-B-2869,117.0,21.9,342.0,1,0,0,1,0
17-B-2870,117.0,21.3,399.0,1,0,0,1,0
17-B-2871,117.0,21.8,537.0,1,0,0,1,0
17-B-2872,117.0,21.8,406.0,1,0,0,1,0
17-B-2873,72.0,25.3,600.0,1,1,1,1,1
17-B-2874,72.0,24.3,557.0,1,1,1,1,1
17-B-2875,72.0,26.1,593.0,1,1,1,1,1
17-B-2876,72.0,25.2,602.0,1,1,1,1,1
17-B-2877,72.0,19.7,550.0,1,1,1,1,1
17-B-2878,72.0,21.8,755.0,1,1,1,1,1
17-B-2879,72.0,21.1,497.0,1,1,1,1,1
17-B-2880,72.0,21.5,527.0,1,0,1,1,0
17-B-2881,72.0,21.5,411.0,1,1,1,1,1
17-B-2882,72.0,20.9,365.0,1,1,1,1,1
17-B-2883,72.0,22.0,542.0,1,1,1,1,1
17-B-2884,72.0,20.4,335.0,1,1,1,1,1
17-B-2885,72.0,22.2,613.0,1,1,1,1,1
17-B-2886,72.0,21.3,554.0,1,1,1,1,1
17-B-2887,72.0,21.8,539.0,1,1,1,1,1
17-B-2888,72.0,20.9,531.0,1,0,1,1,0
17-B-2889,65.0,30.7,718.0,1,1,1,1,1
17-B-2891,65.0,28.3,653.0,1,1,1,1,1
17-B-2892,65.0,30.9,748.0,1,1,1,1,1
17-B-2893,65.0,24.5,570.0,1,1,1,1,1
17-B-2894,65.0,26.3,615.0,1,1,1,1,1
17-B-2895,65.0,22.1,525.0,1,1,1,1,1
17-B-2896,65.0,29.9,690.0,1,1,1,1,1
17-B-2898,65.0,29.8,712.0,1,1,1,1,1
17-B-2899,65.0,29.5,728.0,1,1,1,1,1
17-B-2900,65.0,29.9,735.0,1,1,1,1,1
17-B-2901,65.0,27.7,689.0,1,1,1,1,1
17-B-2903,65.0,30.4,722.0,1,1,1,1,1
17-B-2972,117.0,21.4,495.0,1,1,0,1,0
17-B-2973,117.0,20.8,437.0,1,0,0,1,0
17-B-2974,117.0,21.8,376.0,1,1,0,1,0
17-B-2975,117.0,21.4,310.0,1,1,0,1,0
17-B-2976,117.0,22.8,278.0,1,1,0,1,0
17-B-2977,117.0,22.6,408.0,0,1,0,1,0
17-B-2978,117.0,21.0,385.0,1,1,0,1,0
17-B-2979,117.0,22.9,499.0,1,1,1,1,1
17-B-2980,117.0,21.0,369.0,0,1,0,1,0
17-B-2981,117.0,21.9,341.0,1,0,0,1,0
17-B-2982,117.0,21.5,514.0,1,1,0,1,0
17-B-2983,117.0,22.8,388.0,1,1,0,1,0
17-B-2984,117.0,21.2,353.0,1,1,0,1,0
17-B-2985,117.0,19.3,382.0,1,1,1,1,1
17-B-2986,117.0,20.7,481.0,1,1,0,1,0
17-B-2987,117.0,19.8,482.0,1,0,0,1,0
17-B-2988,117.0,21.2,591.0,1,1,0,1,0
17-B-2989,117.0,21.7,578.0,1,1,0,1,0
17-B-2990,117.0,21.6,729.0,1,1,1,1,1
17-B-2991,117.0,21.4,587.0,1,1,0,1,0
17-B-2992,117.0,22.1,537.0,1,1,0,1,0
17-B-2993,117.0,22.2,495.0,1,1,1,1,1
17-B-2994,117.0,21.0,557.0,1,0,1,1,0
17-B-2995,117.0,20.6,303.0,1,1,1,1,1
17-B-2996,117.0,21.6,414.0,1,1,1,1,1
17-B-2997,117.0,21.3,685.0,1,1,1,1,1
17-B-2998,117.0,21.2,556.0,1,1,0,1,0
17-B-2999,117.0,21.7,602.0,1,1,1,1,1
17-B-3000,117.0,21.1,426.0,1,1,0,1,0
17-B-3001,117.0,20.3,518.0,1,0,0,1,0
17-B-3002,117.0,20.1,617.0,1,1,0,1,0
17-B-3003,117.0,20.5,370.0,1,1,0,1,0
17-B-3004,117.0,20.3,416.0,1,1,0,1,0
17-B-3005,117.0,21.4,396.0,1,1,1,1,1
17-B-3006,117.0,21.1,337.0,1,0,0,1,0
17-B-3007,117.0,21.0,386.0,1,1,0,1,0
17-B-3008,117.0,22.0,488.0,1,1,1,1,1
17-B-3009,117.0,21.6,414.0,1,0,1,1,0
17-B-3010,117.0,20.6,542.0,1,1,1,1,1
17-B-3011,117.0,21.3,555.0,1,0,1,1,0
17-B-3012,117.0,21.4,703.0,1,1,1,1,1
17-B-3013,117.0,22.0,686.0,1,1,1,1,1
17-B-3014,117.0,21.0,414.0,1,1,1,1,1
17-B-3015,117.0,19.9,283.0,1,1,0,1,0
17-B-3016,117.0,19.6,543.0,1,1,0,1,0
17-B-3017,117.0,19.8,523.0,1,1,0,1,0
17-B-3018,117.0,21.6,487.0,1,0,1,1,0
17-B-3019,117.0,21.0,622.0,1,1,1,1,1
17-B-3020,117.0,21.1,521.0,1,1,0,1,0
17-B-3021,117.0,21.4,482.0,1,1,1,1,1
17-B-3022,117.0,21.7,559.0,1,1,1,1,1
17-B-3023,117.0,22.2,445.0,1,1,1,1,1
17-B-3024,117.0,21.9,708.0,1,1,1,1,1
17-B-3025,117.0,21.5,359.0,1,1,0,1,0
17-B-3026,117.0,21.9,618.0,1,1,1,1,1
17-B-3027,117.0,22.1,573.0,1,1,0,1,0
17-B-3028,117.0,21.9,518.0,1,1,1,1,1
17-B-3029,117.0,20.7,471.0,1,1,1,1,1
17-B-3030,117.0,21.7,536.0,1,1,0,1,0
17-B-3031,117.0,22.9,471.0,1,0,0,1,0
17-B-3032,117.0,21.5,439.0,1,1,0,1,0
17-B-3033,117.0,21.3,363.0,1,0,0,1,0
17-B-3034,117.0,21.4,505.0,1,1,1,1,1
17-B-3035,117.0,21.6,581.0,1,1,0,1,0
17-B-3036,117.0,21.0,534.0,1,1,1,1,1
17-B-3037,117.0,20.9,603.0,1,1,0,1,0
17-B-3038,117.0,19.75,551.0,1,1,1,1,1
17-B-3039,117.0,20.6,494.0,1,1,1,1,1
17-B-3040,117.0,20.9,538.0,1,1,0,1,0
17-B-3041,117.0,20.2,561.0,1,1,0,1,0
17-B-3042,117.0,19.68,388.0,1,1,1,1,1
17-B-3043,117.0,21.4,600.0,1,1,1,1,1
17-B-3044,117.0,22.6,644.0,1,1,1,1,1
17-B-3045,117.0,22.5,583.0,1,1,1,1,1
18-B-13,117.0,21.7,693.0,1,1,0,1,0
18-B-14,117.0,21.1,760.0,1,1,0,1,0
18-B-15,117.0,21.0,388.0,1,1,0,1,0
18-B-16,117.0,21.0,445.0,1,1,1,1,1
18-B-17,117.0,20.8,627.0,1,1,0,1,0
18-B-18,117.0,21.0,353.0,1,1,0,1,0
18-B-19,117.0,22.4,389.0,1,1,0,1,0
18-B-20,117.0,22.2,275.0,1,1,0,1,0
18-B-21,117.0,21.8,622.0,1,1,1,1,1
18-B-22,117.0,21.9,402.0,1,1,0,1,0
18-B-23,117.0,22.3,596.0,1,1,0,1,0
18-B-24,117.0,21.7,433.0,1,1,0,1,0
18-B-25,117.0,19.9,404.0,1,1,0,1,0
18-B-26,117.0,19.8,567.0,1,1,1,1,1
18-B-27,117.0,20.5,514.0,1,0,0,1,0
18-B-28,117.0,21.1,598.0,1,0,0,1,0
18-B-29,117.0,21.1,601.0,1,1,0,1,0
18-B-30,117.0,21.6,614.0,1,0,1,1,0
18-B-31,117.0,21.8,384.0,1,0,0,1,0
18-B-32,117.0,21.4,398.0,1,0,0,1,0
18-B-33,117.0,21.6,434.0,1,0,0,1,0
18-B-34,117.0,21.8,462.0,1,1,0,1,0
18-B-35,117.0,20.6,400.0,0,1,0,1,0
18-B-36,117.0,20.7,270.0,0,0,0,1,0
18-B-37,117.0,21.4,412.0,1,0,0,1,0
18-B-38,117.0,20.9,317.0,1,0,1,1,0
18-B-39,117.0,19.8,356.0,1,0,0,1,0
18-B-40,117.0,20.2,212.0,1,0,0,1,0
18-B-41,117.0,20.7,341.0,1,0,0,1,0
18-B-42,117.0,20.6,354.0,1,1,0,1,0
18-B-47,72.0,30.9,765.0,1,1,1,1,1
18-B-48,72.0,29.6,725.0,1,1,1,1,1
18-B-50,72.0,26.8,638.0,1,1,1,1,1
18-B-51,72.0,27.7,687.0,1,1,1,1,1
18-B-52,72.0,29.4,704.0,1,1,1,1,1
18-B-53,72.0,25.3,666.0,1,1,1,1,1
18-B-54,72.0,20.7,579.0,1,1,1,1,1
18-B-55,72.0,29.6,756.0,1,1,1,1,1
18-B-57,72.0,26.2,679.0,1,1,1,1,1
18-B-58,72.0,29.1,744.0,1,1,1,1,1
18-B-59,117.0,20.5,359.0,1,1,0,1,0
18-B-60,117.0,20.4,457.0,1,1,0,1,0
18-B-61,117.0,21.9,539.0,1,1,0,1,0
18-B-62,117.0,21.6,511.0,1,1,1,1,1
18-B-63,117.0,21.6,495.0,1,1,0,1,0
18-B-64,117.0,22.0,602.0,1,1,1,1,1
18-B-65,117.0,21.3,588.0,1,1,1,1,1
18-B-66,117.0,21.7,575.0,1,1,1,1,1
18-B-67,117.0,20.6,552.0,1,1,1,1,1
18-B-68,117.0,20.9,731.0,1,1,1,1,1
18-B-69,117.0,20.8,456.0,1,1,0,1,0
18-B-70,117.0,21.8,535.0,1,1,1,1,1
18-B-71,117.0,21.6,456.0,1,1,0,1,0
18-B-72,117.0,21.7,614.0,1,1,0,1,0
18-B-73,117.0,20.9,549.0,1,1,0,1,0
18-B-74,117.0,21.1,468.0,1,1,1,1,1
18-B-75,117.0,20.9,314.0,1,1,0,1,0
18-B-76,117.0,21.8,346.0,1,1,0,1,0
18-B-77,117.0,21.2,311.0,1,1,1,1,1
18-B-78,117.0,21.7,322.0,1,1,1,1,1
18-B-79,117.0,21.2,396.0,1,0,1,1,0
18-B-80,117.0,21.7,401.0,1,1,1,1,1
18-B-81,117.0,22.3,536.0,1,0,0,1,0
18-B-82,117.0,22.6,363.0,1,1,0,1,0
18-B-83,117.0,21.9,523.0,1,1,0,1,0
18-B-84,117.0,22.2,497.0,1,1,1,1,1
18-B-85,117.0,21.3,384.0,1,1,0,1,0
18-B-86,117.0,20.6,301.0,1,1,0,1,0
18-B-87,117.0,20.6,450.0,1,1,0,1,0
18-B-88,117.0,21.1,430.0,1,1,1,1,1
18-B-89,117.0,21.1,450.0,1,1,1,1,1
18-B-90,117.0,20.5,441.0,1,1,1,1,1
18-B-91,117.0,19.7,333.0,1,0,0,1,0
18-B-92,117.0,19.2,370.0,1,1,0,1,0
18-B-93,117.0,21.5,109.0,1,0,0,1,0
18-B-94,117.0,21.2,319.0,0,1,0,1,0
18-B-95,117.0,19.85,257.0,1,0,0,1,0
18-B-96,117.0,22.3,157.0,1,1,0,1,0
18-B-97,117.0,22.3,273.0,1,1,0,1,0
18-B-98,117.0,22.0,388.0,1,1,0,1,0
18-B-99,117.0,20.9,144.0,1,0,0,1,0
18-B-100,117.0,20.9,295.0,1,0,0,1,0
18-B-101,117.0,20.2,413.0,1,1,0,1,0
18-B-102,117.0,20.0,508.0,1,0,0,1,0
18-B-103,117.0,21.3,397.0,1,1,1,1,1
18-B-104,117.0,21.1,537.0,1,0,0,1,0
18-B-105,117.0,20.4,545.0,1,0,1,1,0
18-B-106,117.0,21.5,436.0,1,0,1,1,0
18-B-107,117.0,21.3,560.0,1,0,1,1,0
18-B-108,117.0,21.5,513.0,1,1,1,1,1
18-B-109,117.0,21.1,471.0,1,1,0,1,0
18-B-110,117.0,22.1,448.0,1,1,0,1,0
18-B-111,117.0,20.4,399.0,1,1,1,1,1
18-B-112,117.0,20.5,480.0,1,1,0,1,0
18-B-113,117.0,20.7,523.0,1,1,0,1,0
18-B-114,117.0,20.9,392.0,1,1,0,1,0
18-B-115,117.0,19.34,472.0,1,1,1,1,1
18-B-116,117.0,20.2,367.0,1,1,0,1,0
18-B-117,117.0,20.7,591.0,1,1,1,1,1
18-B-118,117.0,20.9,398.0,1,1,1,1,1
18-B-119,117.0,20.9,393.0,1,0,1,1,0
18-B-120,117.0,19.6,331.0,1,0,0,1,0
18-B-121,117.0,20.4,476.0,1,0,1,1,0
18-B-122,117.0,20.9,392.0,1,0,1,1,0
18-B-123,117.0,21.4,328.0,1,0,1,1,0
18-B-124,117.0,20.9,352.0,1,0,0,1,0
18-B-125,117.0,20.5,279.0,1,0,0,1,0
18-B-126,117.0,20.8,374.0,1,0,0,1,0
18-B-127,117.0,19.6,347.0,1,0,1,1,0
18-B-128,117.0,20.3,407.0,1,0,1,1,0
18-B-129,117.0,21.4,444.0,0,1,1,1,0
18-B-130,117.0,22.4,271.0,1,1,1,1,1
18-B-131,117.0,23.5,400.0,0,1,0,1,0
18-B-132,117.0,22.6,395.0,1,0,0,1,0
18-B-133,117.0,22.6,437.0,1,0,0,1,0
18-B-134,117.0,22.6,295.0,1,0,1,1,0
18-B-135,117.0,22.7,295.0,1,0,1,1,0
18-B-136,117.0,22.3,268.0,1,0,1,1,0
18-B-137,117.0,22.0,345.0,1,0,1,1,0
18-B-138,117.0,22.2,521.0,1,1,1,1,1
18-B-238,90.0,19.54,250.0,1,0,1,1,0
18-B-239,90.0,20.7,376.0,1,0,1,1,0
18-B-240,90.0,19.83,464.0,1,0,1,1,0
18-B-242,90.0,21.2,426.0,1,0,1,1,0
18-B-243,90.0,21.9,468.0,1,0,1,1,0
18-B-244,90.0,22.1,567.0,1,0,1,1,0
18-B-245,90.0,21.6,554.0,1,1,1,1,1
18-B-246,90.0,20.6,350.0,1,0,1,1,0
18-B-247,90.0,21.0,552.0,1,0,1,1,0
18-B-248,90.0,21.7,645.0,1,1,0,1,0
18-B-249,90.0,21.4,695.0,1,0,1,1,0
18-B-250,90.0,20.4,510.0,1,0,1,1,0
18-B-251,117.0,20.5,650.0,1,0,1,1,0
18-B-252,117.0,22.6,615.0,1,0,1,1,0
18-B-253,117.0,21.3,475.0,1,0,1,1,0
18-B-254,117.0,20.6,471.0,1,0,1,1,0
18-B-255,117.0,20.6,543.0,1,0,1,1,0
18-B-256,117.0,21.0,453.0,1,0,1,1,0
18-B-257,117.0,22.1,405.0,1,0,1,1,0
18-B-258,117.0,19.4,579.0,1,0,1,1,0
18-B-259,117.0,19.5,484.0,1,0,1,1,0
18-B-260,117.0,19.4,393.0,1,0,1,1,0
18-B-261,117.0,21.1,459.0,1,0,1,1,0
18-B-262,117.0,21.2,361.0,1,0,1,1,0
18-B-263,117.0,23.1,497.0,1,0,1,1,0
18-B-264,117.0,21.5,371.0,1,0,1,1,0
18-B-265,117.0,21.5,368.0,1,0,1,1,0
18-B-266,117.0,21.4,495.0,1,0,1,1,0
18-B-267,117.0,21.0,462.0,1,0,1,1,0
18-B-268,117.0,21.4,547.0,1,0,1,1,0
18-B-269,117.0,21.5,340.0,1,0,1,1,0
18-B-270,117.0,20.8,361.0,1,0,1,1,0
18-B-271,117.0,21.7,276.0,1,1,1,1,1
18-B-272,117.0,20.3,348.0,1,0,1,1,0
18-B-273,117.0,21.1,440.0,1,0,1,1,0
18-B-274,117.0,20.2,365.0,1,0,1,1,0
18-B-275,117.0,20.4,318.0,1,0,0,1,0
18-B-276,117.0,19.9,658.0,1,1,1,1,1
18-B-277,117.0,21.1,496.0,1,0,1,1,0
18-B-278,117.0,21.0,639.0,1,0,0,1,0
18-B-279,117.0,21.1,446.0,1,0,0,1,0
18-B-280,117.0,21.2,526.0,1,1,1,1,1
18-B-281,117.0,21.5,453.0,1,1,1,1,1
18-B-282,117.0,21.0,487.0,1,1,1,1,1
18-B-283,117.0,22.2,538.0,1,1,1,1,1
18-B-284,117.0,21.0,440.0,1,0,1,1,0
18-B-285,117.0,21.3,540.0,1,0,0,1,0
18-B-286,117.0,19.9,479.0,1,1,1,1,1
18-B-287,117.0,21.1,409.0,1,1,1,1,1
18-B-288,117.0,20.2,543.0,1,1,1,1,1
18-B-289,117.0,19.7,438.0,1,0,0,1,0
18-B-290,117.0,20.2,385.0,1,0,1,1,0
18-B-291,117.0,20.1,454.0,1,1,1,1,1
18-B-292,117.0,20.5,531.0,1,0,1,1,0
18-B-293,117.0,19.3,466.0,1,0,1,1,0
18-B-294,117.0,21.4,574.0,1,0,1,1,0
18-B-295,117.0,21.7,602.0,1,0,0,1,0
18-B-296,117.0,20.9,359.0,1,1,1,1,1
18-B-297,117.0,21.7,429.0,1,1,1,1,1
18-B-298,117.0,21.7,414.0,1,1,1,1,1
18-B-299,117.0,22.5,487.0,1,1,1,1,1
18-B-300,117.0,21.2,177.0,1,0,0,1,0
18-B-301,117.0,22.1,458.0,1,0,0,1,0
18-B-302,117.0,22.1,463.0,1,0,0,1,0
18-B-303,117.0,21.8,311.0,1,0,1,1,0
18-B-306,117.0,21.0,444.0,1,0,1,1,0
18-B-307,117.0,21.4,600.0,1,0,1,1,0
18-B-308,117.0,21.7,322.0,1,0,1,1,0
18-B-309,117.0,20.6,583.0,1,0,1,1,0
18-B-310,117.0,21.9,300.0,1,0,1,1,0
18-B-311,117.0,20.9,464.0,1,0,1,1,0
18-B-312,117.0,22.3,380.0,1,0,0,1,0
18-B-313,117.0,22.0,419.0,1,0,0,1,0
18-B-314,117.0,22.0,384.0,1,1,1,1,1
18-B-315,117.0,21.6,551.0,1,0,0,1,0
18-B-316,117.0,21.6,398.0,1,0,0,1,0
18-B-317,117.0,21.7,454.0,1,0,0,1,0
18-B-318,117.0,21.5,270.0,1,0,1,1,0
18-B-319,117.0,21.6,495.0,1,0,0,1,0
18-B-320,117.0,19.9,478.0,1,0,1,1,0
18-B-321,117.0,20.2,431.0,1,0,0,1,0
18-B-322,117.0,19.8,421.0,1,0,1,1,0
18-B-323,117.0,20.6,357.0,1,0,1,1,0
18-B-464,117.0,20.2,584.0,1,0,1,1,0
18-B-465,117.0,19.5,469.0,1,0,1,1,0
18-B-466,117.0,18.3,414.0,1,1,0,1,0
18-B-467,117.0,19.3,334.0,1,0,0,1,0
18-B-468,117.0,19.1,481.0,1,1,1,1,1
18-B-469,117.0,19.2,393.0,1,1,0,1,0
18-B-470,117.0,18.8,347.0,1,1,0,1,0
18-B-471,117.0,19.5,412.0,1,0,0,1,0
18-B-472,117.0,19.3,341.0,1,0,0,1,0
18-B-473,117.0,18.7,508.0,1,0,1,1,0
18-B-474,117.0,19.3,370.0,1,0,0,1,0
18-B-475,117.0,19.7,425.0,1,0,1,1,0
18-B-476,117.0,18.6,493.0,1,0,1,1,0
18-B-477,117.0,19.0,367.0,1,0,1,1,0
18-B-478,117.0,19.6,496.0,1,0,1,1,0
18-B-479,117.0,19.2,399.0,1,0,0,1,0
18-B-480,117.0,19.4,389.0,1,0,1,1,0
18-B-481,117.0,20.2,307.0,1,0,1,1,0
18-B-482,117.0,21.1,444.0,1,0,1,1,0
18-B-483,117.0,21.2,373.0,1,1,1,1,1
18-B-484,117.0,20.1,512.0,1,1,0,1,0
18-B-485,117.0,21.0,283.0,1,0,1,1,0
18-B-486,117.0,21.3,558.0,1,0,0,1,0
18-B-487,117.0,21.1,408.0,1,0,0,1,0
18-B-488,117.0,20.7,503.0,1,0,0,1,0
18-B-489,117.0,19.5,325.0,1,0,0,1,0
18-B-490,117.0,20.0,362.0,1,0,1,1,0
18-B-491,117.0,19.6,431.0,1,0,1,1,0
18-B-492,117.0,19.6,452.0,1,0,1,1,0
18-B-493,117.0,19.5,456.0,1,0,1,1,0
18-B-494,117.0,20.9,505.0,1,0,1,1,0
18-B-495,117.0,20.74,421.0,1,0,1,1,0
18-B-496,45.0,24.0,651.0,1,1,1,1,1
18-B-498,45.0,24.5,685.0,1,1,1,1,1
18-B-499,45.0,22.1,609.0,1,1,1,1,1
18-B-502,45.0,28.8,775.0,1,1,1,1,1
18-B-510,45.0,30.9,799.0,1,1,1,1,1
18-B-515,65.0,26.9,932.0,1,1,1,1,1
18-B-516,65.0,26.3,983.0,1,1,1,1,1
18-B-517,65.0,25.4,859.0,1,1,1,1,1
18-B-518,65.0,24.8,777.0,1,1,1,1,1
18-B-519,65.0,26.5,906.0,1,1,1,1,1
18-B-520,65.0,27.9,851.0,1,1,1,1,1
18-B-521,65.0,28.4,880.0,1,1,1,1,1
18-B-522,65.0,28.0,903.0,1,1,1,1,1
18-B-523,65.0,29.3,862.0,1,1,1,1,1
18-B-524,65.0,27.7,898.0,1,1,1,1,1
18-B-525,65.0,27.2,870.0,1,1,1,1,1
18-B-526,65.0,29.0,924.0,1,1,1,1,1
18-B-527,65.0,19.02,548.0,1,1,1,1,1
18-B-528,65.0,26.6,840.0,1,1,1,1,1
18-B-529,65.0,27.8,750.0,1,1,1,1,1
18-B-530,65.0,27.7,719.0,1,1,1,1,1
18-B-531,65.0,28.1,746.0,1,1,1,1,1
18-B-532,65.0,26.9,714.0,1,1,1,1,1
18-B-533,65.0,23.9,625.0,1,1,1,1,1
18-B-534,65.0,19.6,515.0,1,1,1,1,1
18-B-536,65.0,21.9,586.0,1,1,1,1,1
18-B-537,65.0,20.1,614.0,1,1,1,1,1
18-B-538,65.0,18.8,549.0,1,1,1,1,1
18-B-682,65.0,28.9,739.0,1,1,1,1,1
18-B-685,65.0,29.3,874.0,1,1,1,1,1
18-B-688,65.0,28.0,758.0,1,1,1,1,1
18-B-691,65.0,26.8,836.0,1,1,1,1,1
18-B-693,65.0,26.8,879.0,1,1,1,1,1
18-B-694,65.0,23.4,738.0,1,1,1,1,1
18-B-695,65.0,27.2,825.0,1,1,1,1,1
18-B-696,65.0,18.8,674.0,1,0,1,1,0
18-B-701,65.0,28.1,756.0,1,1,1,1,1
18-B-702,65.0,28.1,787.0,1,1,1,1,1
18-B-703,65.0,27.1,810.0,1,1,1,1,1
18-B-704,65.0,22.8,614.0,1,1,1,1,1
18-B-705,65.0,22.7,648.0,1,1,1,1,1
18-B-706,65.0,22.4,668.0,1,1,1,1,1
18-B-707,65.0,28.0,787.0,1,1,1,1,1
18-B-708,65.0,28.7,807.0,1,1,1,1,1
18-B-709,65.0,28.4,761.0,1,1,1,1,1
18-B-710,65.0,26.9,753.0,1,1,1,1,1
18-B-711,65.0,25.8,702.0,1,1,1,1,1
18-B-712,65.0,26.3,719.0,1,1,1,1,1
18-B-715,65.0,27.5,738.0,1,1,1,1,1
18-B-716,65.0,28.3,735.0,1,1,1,1,1
18-B-717,65.0,27.4,713.0,1,1,1,1,1
18-B-718,65.0,27.3,714.0,1,1,1,1,1
18-B-719,65.0,27.8,728.0,1,1,1,1,1
18-B-720,65.0,27.0,740.0,1,1,1,1,1
18-B-721,65.0,27.5,761.0,1,1,1,1,1
18-B-723,65.0,25.4,717.0,1,1,1,1,1
18-B-725,65.0,26.8,753.0,1,1,1,1,1
18-B-726,65.0,26.1,737.0,1,0,1,1,0
18-B-727,65.0,25.3,716.0,1,1,1,1,1
18-B-728,65.0,27.0,719.0,1,1,1,1,1
18-B-866,45.0,21.2,718.0,1,1,1,1,1
18-B-867,45.0,27.3,720.0,1,1,1,1,1
18-B-869,45.0,21.2,601.0,1,1,1,1,1
18-B-870,65.0,20.1,575.0,1,1,1,1,1
18-B-871,65.0,24.8,697.0,1,1,1,1,1
18-B-872,65.0,24.8,698.0,1,1,1,1,1
18-B-873,65.0,20.4,522.0,1,1,1,1,1
18-B-874,65.0,24.6,685.0,1,1,1,1,1
18-B-875,65.0,21.6,602.0,1,1,1,1,1
18-B-876,65.0,24.7,701.0,1,1,1,1,1
18-B-877,65.0,25.6,729.0,1,1,1,1,1
18-B-878,65.0,22.9,587.0,1,1,1,1,1
18-B-879,65.0,21.9,591.0,1,1,1,1,1
18-B-880,65.0,23.6,665.0,1,1,1,1,1
18-B-881,65.0,24.4,701.0,1,1,1,1,1
18-B-882,65.0,23.7,676.0,1,1,1,1,1
18-B-883,65.0,20.0,550.0,1,1,1,1,1
18-B-884,65.0,19.65,552.0,1,0,0,1,0
18-B-885,65.0,18.34,529.0,1,0,1,1,0
18-B-886,65.0,18.35,505.0,1,0,1,1,0
18-B-887,65.0,18.35,542.0,1,0,1,1,0
18-B-888,65.0,19.24,546.0,1,1,1,1,1
18-B-889,65.0,22.0,579.0,1,1,1,1,1
18-B-890,65.0,18.7,531.0,1,1,1,1,1
18-B-891,65.0,20.0,521.0,1,1,1,1,1
18-B-892,65.0,20.5,537.0,1,1,1,1,1
18-B-893,65.0,22.5,637.0,1,1,1,1,1
18-B-894,117.0,19.04,522.0,1,0,1,1,0
18-B-895,117.0,18.97,478.0,1,0,1,1,0
18-B-896,117.0,19.8,427.0,1,0,1,1,0
18-B-897,117.0,18.9,395.0,1,0,1,1,0
18-B-898,117.0,19.4,436.0,1,0,1,1,0
18-B-899,117.0,20.3,453.0,1,0,0,1,0
18-B-900,117.0,18.72,162.7,1,0,1,1,0
18-B-901,117.0,18.94,320.0,1,0,1,1,0
18-B-902,117.0,20.2,359.0,1,0,1,1,0
18-B-903,117.0,17.98,377.0,1,0,1,1,0
18-B-904,117.0,19.15,359.0,1,0,1,1,0
18-B-905,117.0,19.52,434.0,1,0,1,1,0
18-B-906,117.0,19.35,483.0,1,0,1,1,0
18-B-907,117.0,18.88,363.0,1,0,1,1,0
18-B-908,117.0,19.06,469.0,1,0,1,1,0
18-B-910,117.0,19.17,66.7,1,0,1,1,0
18-B-911,117.0,20.4,331.0,1,0,1,1,0
18-B-912,117.0,19.24,164.5,1,0,1,1,0
18-B-913,117.0,19.35,363.0,1,0,0,1,0
18-B-914,117.0,19.67,265.0,1,0,1,1,0
18-B-915,117.0,19.43,204.0,1,0,1,1,0
18-B-916,117.0,20.2,466.0,1,0,1,1,0
18-B-917,117.0,19.8,448.0,1,0,1,1,0
18-B-918,117.0,19.2,546.0,1,0,0,1,0
18-B-919,117.0,19.7,426.0,1,0,1,1,0
18-B-920,117.0,19.3,177.0,1,0,1,1,0
18-B-921,117.0,20.2,162.0,1,0,1,1,0
18-B-922,117.0,19.8,325.0,1,0,1,1,0
18-B-923,117.0,18.8,157.0,1,0,1,1,0
18-B-926,117.0,19.06,496.0,1,0,1,1,0
18-B-927,117.0,19.58,488.0,1,0,1,1,0
18-B-929,117.0,19.11,501.0,1,0,0,1,0
18-B-930,117.0,19.9,324.0,1,0,1,1,0
18-B-931,117.0,20.3,478.0,1,0,1,1,0
18-B-932,117.0,20.0,392.0,1,0,1,1,0
18-B-934,117.0,19.6,300.0,1,0,1,1,0
18-B-936,117.0,19.46,398.0,1,0,1,1,0
18-B-937,117.0,19.4,498.0,1,0,1,1,0
18-B-938,117.0,19.8,209.0,1,0,1,1,0
18-B-939,117.0,19.9,326.0,1,0,1,1,0
18-B-940,117.0,19.0,129.0,1,0,0,1,0
18-B-941,117.0,19.8,293.0,1,0,0,1,0
18-B-1079,117.0,20.2,503.0,1,0,1,1,0
18-B-1080,117.0,19.51,344.0,1,1,1,1,1
18-B-1081,117.0,20.8,351.0,1,0,0,1,0
18-B-1083,117.0,18.81,388.0,1,0,0,1,0
18-B-1084,117.0,18.28,364.0,1,0,0,1,0
18-B-1085,117.0,18.94,367.0,1,1,1,1,1
18-B-1086,117.0,19.32,470.0,1,0,0,1,0
18-B-1087,117.0,19.27,357.0,1,0,1,1,0
18-B-1088,117.0,19.66,421.0,1,0,1,1,0
18-B-1089,117.0,18.77,291.0,1,0,1,1,0
18-B-1090,117.0,19.8,380.0,1,0,1,1,0
18-B-1091,117.0,18.1,355.0,1,0,1,1,0
18-B-1092,117.0,18.73,323.0,1,1,1,1,1
18-B-1093,117.0,19.66,258.2,1,1,1,1,1
18-B-1094,117.0,20.0,141.1,1,1,1,1,1
18-B-1095,117.0,19.65,182.1,1,0,0,1,0
18-B-1098,117.0,20.2,286.0,1,0,1,1,0
18-B-1099,117.0,19.79,182.5,1,1,1,1,1
18-B-1100,117.0,19.61,311.0,1,1,1,1,1
18-B-1101,117.0,19.43,300.0,1,0,1,1,0
18-B-1102,117.0,19.64,336.0,1,0,1,1,0
18-B-1103,117.0,19.36,355.0,1,0,1,1,0
18-B-1104,117.0,19.34,330.0,1,0,1,1,0
18-B-1105,117.0,20.7,454.0,1,0,1,1,0
18-B-1106,117.0,20.1,470.0,1,0,1,1,0
18-B-1107,117.0,20.3,414.0,1,0,1,1,0
18-B-1108,117.0,20.0,459.0,1,0,1,1,0
18-B-1109,117.0,19.69,331.0,1,0,1,1,0
18-B-1110,117.0,20.2,364.0,1,1,1,1,1
18-B-1111,117.0,19.49,459.0,1,0,1,1,0
18-B-1112,117.0,19.69,446.0,1,0,1,1,0
18-B-1113,117.0,19.67,372.0,1,0,1,1,0
18-B-1114,117.0,19.44,335.0,1,0,1,1,0
18-B-1115,117.0,20.4,439.0,1,0,1,1,0
18-B-1116,117.0,19.84,432.0,1,0,1,1,0
18-B-1117,117.0,19.48,524.0,1,0,1,1,0
18-B-1118,117.0,19.4,423.0,1,0,1,1,0
18-B-1119,117.0,20.1,521.0,1,1,1,1,1
18-B-1120,117.0,20.2,496.0,1,1,1,1,1
18-B-1121,117.0,21.5,490.0,1,1,1,1,1
18-B-1122,117.0,22.0,391.0,1,1,1,0,0
18-B-1123,117.0,20.7,396.0,1,1,1,1,1
18-B-1124,117.0,19.4,432.0,1,0,1,1,0
18-B-1125,117.0,20.8,407.0,1,1,1,1,1
18-B-1126,117.0,19.8,392.0,1,0,1,1,0
18-B-1127,117.0,19.63,462.0,1,1,1,1,1
18-B-1128,117.0,19.9,332.0,1,1,1,1,1
18-B-1129,117.0,19.9,441.0,1,0,1,1,0
18-B-1130,117.0,20.7,343.0,1,1,1,1,1
18-B-1131,117.0,19.8,473.0,1,1,1,1,1
18-B-1132,117.0,20.6,409.0,1,0,1,1,0
18-B-1133,117.0,20.0,474.0,1,0,1,1,0
18-B-1134,117.0,20.2,514.0,1,0,0,1,0
18-B-1135,65.0,28.1,747.0,1,1,1,1,1
18-B-1136,65.0,26.7,702.0,1,1,1,1,1
18-B-1137,65.0,23.3,599.0,1,1,1,1,1
18-B-1138,65.0,26.9,730.0,1,1,1,1,1
18-B-1139,65.0,19.51,494.0,1,1,1,1,1
18-B-1141,65.0,19.34,378.0,1,1,1,1,1
18-B-1142,65.0,24.2,582.0,1,1,1,1,1
18-B-1145,65.0,31.1,791.0,1,1,1,1,1
18-B-1147,65.0,28.4,742.0,1,1,1,1,1
18-B-1148,65.0,27.5,769.0,1,1,1,1,1
18-B-1149,65.0,23.3,595.0,1,1,1,1,1
18-B-1150,65.0,23.8,615.0,1,1,1,1,1
18-B-1236,117.0,19.9,454.0,1,0,1,1,0
18-B-1237,117.0,20.2,432.0,1,0,1,1,0
18-B-1238,117.0,18.4,501.0,1,0,0,1,0
18-B-1239,117.0,19.3,487.0,1,0,0,1,0
18-B-1240,117.0,20.2,530.0,1,0,1,1,0
18-B-1241,117.0,20.6,463.0,1,0,1,1,0
18-B-1242,117.0,19.36,454.0,1,0,0,1,0
18-B-1243,117.0,19.84,475.0,1,0,0,1,0
18-B-1244,117.0,19.7,483.0,1,0,1,1,0
18-B-1245,117.0,20.0,467.0,1,0,1,1,0
18-B-1246,117.0,18.9,508.0,1,0,1,1,0
18-B-1247,117.0,19.6,497.0,1,0,1,1,0
18-B-1248,117.0,19.5,321.0,1,0,1,1,0
18-B-1249,117.0,19.4,419.0,1,0,1,1,0
18-B-1250,117.0,19.8,387.0,1,0,1,1,0
18-B-1251,117.0,20.0,471.0,1,0,1,1,0
18-B-1252,117.0,19.9,328.0,1,0,1,1,0
18-B-1253,117.0,20.4,453.0,1,0,0,1,0
18-B-1254,117.0,20.6,451.0,1,0,1,1,0
18-B-1255,117.0,20.8,466.0,1,0,1,1,0
18-B-1256,117.0,18.97,596.0,1,0,1,1,0
18-B-1257,117.0,21.0,464.0,1,0,1,1,0
18-B-1259,117.0,20.2,553.0,1,0,1,1,0
18-B-1260,117.0,19.98,474.0,1,0,1,1,0
18-B-1261,117.0,20.5,360.0,1,0,1,1,0
18-B-1262,117.0,20.8,420.0,1,0,1,1,0
18-B-1263,117.0,20.5,478.0,1,0,1,1,0
18-B-1265,117.0,19.1,488.0,1,0,1,1,0
18-B-1266,117.0,20.2,478.0,1,0,1,1,0
18-B-1267,117.0,19.96,521.0,1,0,1,1,0
18-B-1268,117.0,20.6,493.0,1,1,1,1,1
18-B-1269,117.0,21.1,632.0,1,0,0,1,0
18-B-1270,117.0,19.34,395.0,1,0,1,1,0
18-B-1271,117.0,20.6,416.0,1,1,1,1,1
18-B-1272,117.0,21.5,479.0,1,0,1,1,0
18-B-1273,117.0,20.9,460.0,1,0,1,1,0
18-B-1274,117.0,21.1,417.0,1,1,1,1,1
18-B-1275,117.0,20.5,474.0,1,1,1,1,1
18-B-1276,117.0,19.25,404.0,1,0,1,1,0
18-B-1277,117.0,19.52,539.0,1,0,0,1,0
18-B-1278,117.0,20.3,455.0,1,0,1,1,0
18-B-1279,117.0,20.5,335.0,1,0,0,1,0
18-B-1280,117.0,20.1,367.0,1,0,1,1,0
18-B-1282,117.0,19.9,520.0,1,0,1,1,0
18-B-1283,117.0,18.9,425.0,1,0,1,1,0
18-B-1284,117.0,19.5,543.0,1,0,1,1,0
18-B-1285,117.0,18.0,513.0,1,0,1,1,0
18-B-1286,117.0,19.6,474.0,1,0,1,1,0
18-B-1287,117.0,20.0,509.0,1,0,1,1,0
18-B-1288,117.0,20.4,468.0,1,1,1,1,1
18-B-1289,117.0,21.0,461.0,1,0,1,1,0
18-B-1290,117.0,20.5,498.0,1,0,1,1,0
18-B-1291,117.0,21.2,372.0,1,1,1,1,1
18-B-1292,117.0,21.0,366.0,1,0,1,1,0
18-B-1293,117.0,20.9,309.0,1,0,1,1,0
18-B-1294,117.0,21.0,306.0,1,0,1,1,0
18-B-1295,117.0,19.8,353.0,1,0,1,1,0
18-B-1296,117.0,20.3,428.0,1,0,1,1,0
18-B-1297,117.0,19.9,429.0,1,0,1,1,0
18-B-1298,117.0,19.8,416.0,1,0,1,1,0
18-B-1299,117.0,19.2,457.0,1,0,1,1,0
18-B-1300,117.0,19.0,443.0,1,0,1,1,0
18-B-1301,117.0,19.55,575.0,1,0,1,1,0
18-B-1302,117.0,21.1,509.0,1,0,0,1,0
18-B-1303,117.0,22.4,475.0,1,0,1,1,0
18-B-1304,117.0,21.9,433.0,1,0,1,1,0
18-B-1305,117.0,21.8,405.0,1,0,1,1,0
18-B-1306,117.0,21.9,594.0,1,0,1,1,0
18-B-1307,117.0,21.9,501.0,1,0,1,1,0
18-B-1308,117.0,20.7,512.0,1,1,1,1,1
18-B-1309,117.0,20.8,401.0,1,0,1,1,0
18-B-1310,117.0,19.8,472.0,1,0,1,1,0
18-B-1311,117.0,19.5,547.0,1,0,1,1,0
18-B-1312,117.0,18.7,440.0,1,0,1,1,0
18-B-1313,117.0,19.2,552.0,1,0,1,1,0
18-B-1314,117.0,21.1,386.0,1,0,1,1,0
18-B-1315,117.0,21.2,407.0,1,0,1,1,0
18-B-1317,65.0,26.8,629.0,1,1,1,1,1
18-B-1321,65.0,31.2,768.0,1,1,1,1,1
18-B-1323,65.0,27.4,648.0,1,1,1,1,1
18-B-1324,65.0,30.5,875.0,1,1,1,1,1
18-B-1325,65.0,29.7,832.0,1,1,1,1,1
18-B-1327,65.0,29.3,759.0,1,1,1,1,1
18-B-1328,65.0,29.7,849.0,1,1,1,1,1
18-B-1329,65.0,28.7,820.0,1,1,1,1,1
18-B-1330,65.0,24.5,611.0,1,1,1,1,1
18-B-1331,65.0,29.6,770.0,1,1,1,1,1
18-B-1439 ,117.0,19.7,354.0,1,0,1,1,0
18-B-1440,117.0,19.9,375.0,1,0,1,1,0
18-B-1441,117.0,20.3,470.0,1,0,1,1,0
18-B-1442,117.0,20.8,384.0,1,0,1,1,0
18-B-1443,117.0,20.8,305.0,1,0,1,1,0
18-B-1444,117.0,20.1,382.0,1,0,1,1,0
18-B-1445,117.0,19.8,327.0,1,0,1,1,0
18-B-1446,117.0,20.2,332.0,1,1,1,1,1
18-B-1447,117.0,20.4,357.0,1,0,1,1,0
18-B-1448,117.0,21.0,407.0,1,0,1,1,0
18-B-1449,117.0,19.7,532.0,1,1,1,1,1
18-B-1450,117.0,19.6,352.0,1,0,1,1,0
18-B-1451,117.0,20.4,369.0,1,0,1,1,0
18-B-1452,117.0,20.2,506.0,1,0,1,1,0
18-B-1453,117.0,21.21,263.0,1,0,1,1,0
18-B-1454,117.0,19.5,288.0,1,0,1,1,0
18-B-1455,117.0,20.1,40.0,1,0,1,1,0
18-B-1456,117.0,20.3,156.6,1,0,1,1,0
18-B-1457,117.0,19.47,251.0,1,0,1,1,0
18-B-1458,117.0,20.4,166.4,1,0,1,1,0
18-B-1459,117.0,20.2,160.3,1,0,1,1,0
18-B-1460,117.0,21.7,192.6,1,0,1,1,0
18-B-1461,117.0,21.7,119.0,1,0,1,1,0
18-B-1462,117.0,20.75,340.0,1,0,1,1,0
18-B-1463,117.0,21.9,111.6,1,0,1,1,0
18-B-1464,117.0,20.8,280.0,1,0,1,1,0
18-B-1465,117.0,21.2,485.0,1,0,1,1,0
18-B-1466,117.0,20.3,480.0,1,0,1,1,0
18-B-1467,117.0,21.3,375.0,1,0,1,1,0
18-B-1468,117.0,21.1,375.0,1,0,1,1,0
18-B-1469,117.0,20.7,518.0,1,0,1,1,0
18-B-1470,117.0,21.1,439.0,1,0,1,1,0
18-B-1471,117.0,21.0,380.0,1,0,1,1,0
18-B-1472,117.0,18.7,131.0,1,0,1,1,0
18-B-1473,117.0,18.7,323.0,1,0,1,1,0
18-B-1474,117.0,19.0,536.0,1,0,1,1,0
18-B-1475,117.0,19.4,435.0,1,1,1,1,1
18-B-1476,117.0,20.2,571.0,1,0,1,1,0
18-B-1477,117.0,21.6,410.0,1,0,1,1,0
18-B-1478,117.0,20.7,293.0,1,1,1,1,1
18-B-1479,117.0,20.6,368.0,1,0,1,1,0
18-B-1480,117.0,20.1,469.0,1,0,1,1,0
18-B-1481,117.0,19.1,448.0,1,1,1,1,1
18-B-1482,117.0,20.3,367.0,1,0,1,1,0
18-B-1483,117.0,20.2,319.0,1,1,1,1,1
18-B-1484,117.0,19.5,444.0,1,1,1,1,1
18-B-1485,117.0,20.0,527.0,1,1,1,1,1
18-B-1486,117.0,19.57,497.0,1,0,1,1,0
18-B-1487,117.0,19.82,519.0,1,0,1,1,0
18-B-1488,117.0,19.67,504.0,1,0,1,1,0
18-B-1489,117.0,20.9,521.0,1,0,1,1,0
18-B-1490,117.0,20.7,506.0,1,0,1,1,0
18-B-1491,117.0,19.3,460.0,1,0,1,1,0
18-B-1492,117.0,20.4,532.0,1,0,1,1,0
18-B-1493,117.0,20.2,576.0,1,1,1,1,1
18-B-1494,117.0,21.2,530.0,1,0,1,1,0
18-B-1495,117.0,20.3,535.0,1,0,1,1,0
18-B-1496,117.0,20.8,489.0,1,0,1,1,0
18-B-1497,117.0,19.7,382.0,1,1,1,1,1
18-B-1498,117.0,20.8,408.0,1,0,1,1,0
18-B-1499,117.0,18.55,221.0,1,0,1,1,0
18-B-1500,117.0,19.89,400.0,1,0,1,1,0
18-B-1501,117.0,19.31,416.0,1,0,1,1,0
18-B-1502,117.0,20.2,434.0,1,0,1,1,0
18-B-1870,117.0,18.8,395.0,1,0,1,1,0
18-B-1871,117.0,20.8,455.0,1,0,1,1,0
18-B-1872,117.0,21.0,430.0,1,0,1,1,0
18-B-1873,117.0,20.4,474.0,1,0,0,1,0
18-B-1874,117.0,20.4,529.0,1,0,1,1,0
18-B-1875,117.0,20.0,493.0,1,0,1,1,0
18-B-1876,117.0,21.2,387.0,1,0,1,1,0
18-B-1877,117.0,21.1,432.0,1,0,1,1,0
18-B-1878,117.0,20.2,540.0,1,0,1,1,0
18-B-1879,117.0,21.1,521.0,1,0,0,1,0
18-B-1880,117.0,19.5,614.0,1,0,1,1,0
18-B-1881,117.0,20.0,542.0,1,0,1,1,0
18-B-1882,65.0,26.4,853.0,1,1,1,1,1
18-B-1883,65.0,27.7,799.0,1,1,1,1,1
18-B-1885,65.0,19.81,535.0,1,1,1,1,1
18-B-1886,66.0,23.7,586.0,1,1,1,1,1
18-B-1887,66.0,25.4,646.0,1,1,1,1,1
18-B-1888,65.0,23.8,558.0,1,1,1,1,1
18-B-1889,65.0,25.4,649.0,1,1,1,1,1
18-B-1891,65.0,27.4,657.0,1,1,1,1,1
18-B-1892,65.0,25.1,629.0,1,1,1,1,1
18-B-1893,65.0,24.6,618.0,1,1,1,1,1
18-B-1894,65.0,23.9,625.0,1,1,1,1,1
18-B-1895,65.0,24.2,622.0,1,1,1,1,1
18-B-1896,65.0,22.6,510.0,1,1,1,1,1
18-B-1906,65.0,29.9,914.0,1,1,1,1,1
18-B-1910,68.0,25.0,629.0,1,1,1,1,1
18-B-1911,65.0,25.1,635.0,1,1,1,1,1
18-B-1912,68.0,25.8,655.0,1,1,1,1,1
18-B-1913,65.0,26.5,637.0,1,1,1,1,1
18-B-1914,69.0,25.5,668.0,1,1,1,1,1
18-B-1915,65.0,23.7,622.0,1,1,1,1,1
18-B-1916,65.0,29.7,759.0,1,1,1,1,1
18-B-1917,65.0,30.6,744.0,1,1,1,1,1
18-B-1918,65.0,25.0,622.0,1,1,1,1,1
18-B-1919,65.0,22.7,660.0,1,1,1,1,1
18-B-2091,45.0,19.87,643.0,1,1,1,1,1
18-B-2101,45.0,27.5,724.0,1,1,1,1,1
18-B-2106,45.0,28.2,692.0,1,1,1,1,1
18-A-698,45.0,30.4,724.0,1,1,1,1,1
18-A-699,45.0,20.6,525.0,1,1,1,1,1
18-A-700,45.0,20.2,486.0,1,1,1,1,1
18-A-702,45.0,25.8,682.0,1,1,1,1,1
18-A-703,45.0,25.9,677.0,1,1,1,1,1
18-A-704,45.0,27.1,695.0,1,1,1,1,1
18-A-705,45.0,30.4,770.0,1,0,1,1,0
18-A-706,45.0,21.4,506.0,1,1,1,1,1
18-A-707,45.0,22.7,495.0,1,1,1,1,1
18-A-708,45.0,20.9,462.0,1,1,1,1,1
18-A-709,45.0,20.8,525.0,1,1,1,1,1
18-A-710,45.0,20.3,456.0,1,1,1,1,1
18-A-711,45.0,20.6,395.0,1,1,1,1,1
18-A-712,45.0,21.3,499.0,1,1,1,1,1
18-A-714,45.0,21.5,536.0,1,1,0,1,0
18-A-715,45.0,20.7,381.0,1,1,1,1,1
18-A-716,45.0,21.7,433.0,1,1,1,1,1
18-A-717,45.0,25.1,632.0,1,1,1,1,1
18-A-718,45.0,27.6,757.0,1,1,1,1,1
18-A-720,45.0,20.2,277.0,1,1,1,1,1
18-A-721,45.0,20.7,516.0,1,1,1,1,1
18-A-722,45.0,23.8,681.0,1,1,1,1,1
18-A-723,45.0,21.6,609.0,1,1,1,1,1
18-A-725,45.0,21.1,364.0,1,1,1,1,1
18-A-776,35.0,23.4,657.0,1,1,1,1,1
18-A-777,35.0,21.4,577.0,1,1,1,1,1
18-A-778,35.0,21.7,715.0,1,1,1,1,1
18-A-779,35.0,20.4,476.0,1,1,1,1,1
18-A-781,35.0,24.3,660.0,1,1,1,1,1
18-A-783,63.0,18.92,466.0,1,1,1,1,1
18-A-784,65.0,20.2,571.0,1,1,1,1,1
18-A-785,65.0,20.9,447.0,1,1,1,1,1
18-A-786,65.0,21.7,574.0,1,1,1,1,1
18-A-787,65.0,26.1,735.0,1,1,1,1,1
18-A-788,65.0,22.8,633.0,1,1,1,1,1
18-A-789,65.0,22.3,591.0,1,1,1,1,1
18-A-790,65.0,23.6,572.0,1,1,1,1,1
18-A-792,65.0,19.9,513.0,1,1,0,1,0
18-A-793,65.0,23.1,654.0,1,1,1,1,1
18-A-794,65.0,24.5,618.0,1,1,1,1,1
18-A-795,65.0,21.9,633.0,1,1,1,1,1
18-A-796,65.0,23.9,642.0,1,1,1,1,1
18-A-797,65.0,25.4,702.0,1,1,1,1,1
18-A-798,65.0,24.2,632.0,1,1,1,1,1
19-A-19,65.0,19.6,548.0,1,1,1,1,1
19-A-20,65.0,28.6,748.0,1,1,1,1,1
19-A-21,65.0,25.2,670.0,1,1,1,1,1
19-A-22,65.0,25.0,673.0,1,1,1,1,1
19-A-23,65.0,30.6,804.0,1,1,1,1,1
19-A-24,65.0,31.0,815.0,1,1,1,1,1
19-A-25,65.0,28.7,770.0,1,1,1,1,1
19-A-26,65.0,29.4,769.0,1,1,1,1,1
19-A-27,65.0,27.9,804.0,1,1,1,1,1
19-A-28,65.0,27.7,768.0,1,1,1,1,1
19-A-30,65.0,24.5,666.0,1,1,1,1,1
19-A-31,65.0,28.1,766.0,1,1,1,1,1
19-A-32,65.0,28.8,789.0,1,1,1,1,1
19-A-33,65.0,24.9,687.0,1,1,1,1,1
19-A-34,65.0,22.9,556.0,1,1,1,1,1
19-A-36,65.0,25.8,603.0,1,1,1,1,1
19-A-42,65.0,26.3,639.0,1,1,1,0,0
19-A-43,65.0,27.8,790.0,1,1,1,1,1
19-A-44,65.0,27.5,736.0,1,1,1,1,1
19-A-45,65.0,24.9,655.0,1,1,1,1,1
19-A-46,65.0,24.4,659.0,1,1,1,1,1
19-A-50,45.0,22.5,613.0,1,1,1,1,1
19-A-52,45.0,25.9,713.0,1,1,1,1,1
19-A-53,45.0,25.1,728.0,1,1,1,1,1
19-A-81,65.0,19.9,454.0,1,0,1,1,0
19-A-82,65.0,19.1,427.0,1,1,0,1,0
19-A-83,65.0,20.6,360.0,1,0,0,1,0
19-A-84,65.0,19.89,514.0,1,1,0,1,0
19-A-85,65.0,19.8,284.0,1,1,0,1,0
19-A-86,65.0,20.1,453.0,1,0,0,1,0
19-A-87,65.0,20.2,417.0,1,0,0,1,0
19-A-88,65.0,19.3,545.0,1,0,0,1,0
19-A-89,65.0,20.9,511.0,1,0,1,1,0
19-A-90,65.0,19.36,482.0,1,0,0,1,0
19-A-91,65.0,20.1,573.0,1,1,0,1,0
19-A-92,65.0,20.5,548.0,1,0,0,1,0
19-A-93,65.0,19.4,432.0,1,0,0,1,0
19-A-94,65.0,19.9,519.0,1,0,0,1,0
19-A-95,65.0,18.8,481.0,1,1,0,1,0
19-A-96,65.0,19.9,535.0,1,0,0,1,0
19-A-97,65.0,19.8,517.0,1,0,0,1,0
19-A-98,65.0,20.0,531.0,1,0,0,1,0
19-A-99,65.0,18.9,522.0,1,0,0,1,0
19-A-100,65.0,19.1,508.0,1,0,1,1,0
19-A-101,65.0,21.1,494.0,1,1,0,1,0
19-A-102,65.0,21.6,607.0,1,1,0,1,0
19-A-103,65.0,20.4,567.0,1,0,0,1,0
19-A-104,65.0,19.21,524.0,1,0,1,1,0
19-A-105,65.0,25.0,788.0,1,0,0,1,0
19-A-106,65.0,21.4,624.0,1,0,0,1,0
19-A-107,65.0,20.7,575.0,1,0,0,1,0
19-A-108,65.0,19.75,610.0,1,1,0,1,0
19-A-109,65.0,19.62,646.0,1,1,0,1,0
19-A-110,65.0,21.4,675.0,1,1,0,1,0
19-A-111,65.0,20.7,606.0,1,0,0,1,0
19-A-112,65.0,19.12,545.0,1,1,0,1,0
19-A-113,65.0,20.1,516.0,1,1,0,1,0
19-A-114,65.0,18.97,475.0,1,0,1,1,0
19-A-115,65.0,20.3,938.0,1,1,1,1,1
19-A-116,65.0,20.7,604.0,1,1,0,1,0
19-A-117,65.0,20.8,686.0,1,1,0,1,0
19-A-118,65.0,21.2,598.0,1,1,0,1,0
19-A-120,65.0,19.73,469.0,1,1,0,1,0
19-A-172,45.0,20.3,568.0,1,1,1,1,1
19-A-178,45.0,23.2,670.0,1,1,1,1,1
19-A-181,45.0,26.0,749.0,1,1,1,1,1
19-A-183,45.0,23.3,669.0,1,1,1,1,1
19-A-184,45.0,23.1,684.0,1,1,1,1,1
19-A-185,45.0,24.7,693.0,1,1,1,1,1
19-A-187,45.0,24.1,670.0,1,1,1,1,1
19-A-193,45.0,31.3,796.0,1,1,1,1,1
19-A-228,65.0,20.4,608.0,1,1,0,1,0
19-A-229,65.0,18.8,497.0,1,1,0,1,0
19-A-230,65.0,17.7,502.0,1,1,1,1,1
19-A-231,65.0,23.9,684.0,1,1,0,1,0
19-A-232,65.0,19.8,532.0,1,0,0,1,0
19-A-233,65.0,20.0,496.0,1,1,1,1,1
19-A-234,65.0,28.5,707.0,1,1,1,1,1
19-A-235,65.0,19.7,482.0,1,1,1,1,1
19-A-236,65.0,21.2,590.0,1,1,0,1,0
19-A-237,65.0,18.9,471.0,1,1,0,1,0
19-A-238,65.0,18.9,542.0,1,1,0,1,0
19-A-239,65.0,23.0,547.0,1,1,1,1,1
19-A-240,65.0,20.6,568.0,1,1,1,1,1
19-A-241,65.0,24.1,762.0,1,1,0,1,0
19-A-242,65.0,19.05,637.0,1,1,0,1,0
19-A-243,65.0,18.9,467.0,1,1,1,1,1
19-A-244,65.0,18.92,493.0,1,0,1,1,0
19-A-245,65.0,18.43,547.0,1,0,1,1,0
19-A-246,65.0,22.3,644.0,1,0,0,1,0
19-A-247,65.0,19.17,561.0,1,0,0,1,0
19-A-248,45.0,25.4,732.0,1,1,1,1,1
19-A-249,45.0,25.8,763.0,1,0,1,1,0
19-A-250,45.0,25.1,720.0,1,1,1,1,1
19-A-251,45.0,23.7,750.0,1,0,1,1,0
19-A-252,45.0,23.9,763.0,1,1,1,1,1
19-A-253,45.0,27.0,803.0,1,1,1,1,1
19-A-254,45.0,20.8,568.0,1,1,1,1,1
19-A-255,45.0,26.2,764.0,1,1,1,1,1
19-A-256,45.0,22.8,626.0,1,1,1,1,1
19-A-257,45.0,26.3,767.0,1,1,1,1,1
19-A-258,45.0,25.2,691.0,1,1,0,1,0
19-A-259,45.0,25.5,727.0,1,1,1,1,1
19-A-260,45.0,25.0,759.0,1,1,1,1,1
19-A-261,45.0,22.7,659.0,1,1,1,1,1
19-A-262,45.0,26.0,898.0,1,1,1,1,1
19-A-263,45.0,21.4,672.0,1,0,1,1,0
19-A-264,45.0,30.6,804.0,1,1,1,1,1
19-A-265,45.0,28.8,679.0,1,0,0,1,0
19-A-266,30.0,28.3,759.0,1,1,1,1,1
19-A-267,30.0,26.3,730.0,1,1,1,1,1
19-A-359,30.0,20.2,601.0,1,1,1,1,1
19-A-360,30.0,28.9,780.0,1,1,1,1,1
19-A-361,30.0,27.0,716.0,1,1,1,1,1
19-A-362,30.0,29.3,757.0,1,1,1,1,1
19-A-363,65.0,19.2,304.0,1,1,1,1,1
19-A-364,65.0,19.8,518.0,1,1,1,1,1
19-A-365,65.0,19.2,614.0,1,1,1,1,1
19-A-366,65.0,19.6,422.0,1,1,1,1,1
19-A-367,65.0,18.8,655.0,1,1,1,1,1
19-A-368,65.0,18.6,571.0,1,1,1,1,1
19-A-369,65.0,19.0,590.0,1,1,1,1,1
19-A-371,65.0,19.7,629.0,1,1,1,1,1
19-A-372,65.0,18.7,560.0,1,1,1,1,1
19-A-373,65.0,22.2,466.0,1,1,1,1,1
19-A-374,65.0,24.4,453.0,1,1,1,1,1
19-A-377,65.0,22.5,505.0,1,1,1,1,1
19-A-378,65.0,22.2,449.0,1,1,1,1,1
19-A-380,65.0,18.8,576.0,1,1,1,1,1
19-A-382,65.0,19.1,572.0,1,1,1,1,1
19-A-383,65.0,24.0,675.0,1,1,1,1,1
19-A-408,65.0,17.5,375.0,1,1,1,1,1
19-A-409,65.0,17.5,576.0,1,1,1,1,1
19-A-410,65.0,17.6,592.0,1,1,1,1,1
19-A-411,65.0,17.5,584.0,1,1,1,1,1
19-A-412,45.0,24.6,677.0,1,1,1,1,1
19-A-414,45.0,27.4,714.0,1,1,1,1,1
19-A-415,45.0,26.8,641.0,1,1,1,1,1
19-A-417,45.0,20.4,626.0,1,1,1,1,1
19-A-418,45.0,19.04,537.0,1,1,1,1,1
19-A-420,45.0,21.9,647.0,1,1,1,1,1
19-A-421,45.0,22.6,782.0,1,1,1,1,1
19-A-422,45.0,21.7,715.0,1,1,1,1,1
19-A-423,45.0,23.1,595.0,1,1,1,1,1
19-A-424,45.0,25.8,644.0,1,1,1,1,1
19-A-510,65.0,18.4,374.0,1,0,0,1,0
19-A-511,65.0,20.1,448.0,1,0,0,1,0
19-A-512,65.0,17.8,426.0,1,0,1,1,0
19-A-513,65.0,18.4,495.0,1,0,0,1,0
19-A-514,65.0,19.5,529.0,1,0,0,1,0
19-A-515,65.0,19.2,521.0,1,0,0,1,0
19-A-516,65.0,18.4,392.0,1,0,0,1,0
19-A-517,65.0,20.0,505.0,1,0,0,1,0
19-A-518,65.0,18.7,583.0,1,0,0,1,0
19-A-519,65.0,18.9,507.0,1,0,0,1,0
19-A-520,65.0,18.6,450.0,1,0,1,1,0
19-A-521,65.0,19.0,594.0,1,0,0,1,0
19-A-522,65.0,18.8,584.0,1,0,0,1,0
19-A-523,65.0,18.4,557.0,1,0,0,1,0
19-A-524,65.0,20.3,529.0,1,0,0,1,0
19-A-525,65.0,20.0,476.0,1,0,0,1,0
19-A-526,65.0,18.6,417.0,1,0,0,1,0
19-A-527,65.0,18.3,409.0,1,0,0,1,0
19-A-528,65.0,18.9,404.0,1,0,1,1,0
19-A-529,65.0,17.5,420.0,1,0,1,1,0
19-A-530,65.0,17.6,315.0,1,0,0,1,0
19-A-531,65.0,19.4,592.0,1,0,0,1,0
19-A-532,65.0,19.4,595.0,1,0,0,1,0
19-A-650,65.0,29.0,784.0,1,1,1,1,1
19-A-651,65.0,23.7,683.0,1,1,1,1,1
19-A-652,65.0,26.3,711.0,1,1,1,1,1
19-A-653,65.0,23.7,610.0,1,1,1,1,1
19-A-654,65.0,28.9,751.0,1,1,1,1,1
19-A-655,65.0,28.1,755.0,1,1,1,1,1
19-A-656,65.0,27.8,694.0,1,1,1,1,1
19-A-657,65.0,22.0,665.0,1,1,1,1,1
19-A-658,65.0,24.6,705.0,1,1,1,1,1
19-A-659,65.0,24.5,697.0,1,1,1,1,1
19-A-660,65.0,26.4,738.0,1,1,1,1,1
19-A-662,65.0,29.7,789.0,1,1,1,1,1
19-A-663,65.0,18.3,512.0,1,1,1,1,1
19-A-664,65.0,18.8,506.0,1,1,1,1,1
19-A-665,65.0,22.2,613.0,1,1,1,1,1
19-A-666,65.0,18.9,555.0,1,1,1,1,1
19-A-667,65.0,19.1,532.0,1,1,1,1,1
19-A-669,65.0,18.3,547.0,1,1,1,1,1
19-A-670,65.0,18.2,518.0,1,1,1,1,1
19-A-672,65.0,28.6,818.0,1,1,1,1,1
19-A-673,65.0,25.3,891.0,1,1,1,1,1
19-A-674,65.0,29.0,878.0,1,1,1,1,1
19-A-675,65.0,26.4,955.0,1,1,1,1,1
19-A-676,65.0,19.5,517.0,1,1,1,1,1
19-A-678,65.0,18.8,540.0,1,1,1,1,1
19-A-682,65.0,28.7,954.0,1,1,1,1,1
19-A-686,65.0,28.0,819.0,1,1,1,1,1
19-A-687,65.0,24.6,713.0,1,1,1,1,1
19-A-688,65.0,21.9,633.0,1,1,1,1,1
19-A-689,65.0,25.8,636.0,1,1,1,1,1
19-A-690,65.0,21.2,402.0,1,1,1,1,1
19-A-691,65.0,28.8,804.0,1,1,1,1,1
19-A-692,65.0,31.0,839.0,1,1,1,1,1
19-A-693,65.0,28.4,775.0,1,1,1,1,1
19-A-733,65.0,19.8,539.0,1,0,1,1,0
19-A-734,65.0,19.0,461.0,1,1,1,1,1
19-A-735,65.0,19.9,420.0,1,1,1,1,1
19-A-736,65.0,19.9,401.0,1,0,1,1,0
19-A-737,65.0,19.7,490.0,1,1,1,1,1
19-A-738,65.0,20.5,486.0,1,1,1,1,1
19-A-739,65.0,24.8,685.0,1,1,0,1,0
19-A-740,65.0,19.1,461.0,1,1,0,1,0
19-A-741,65.0,19.0,551.0,1,1,1,1,1
19-A-742,65.0,19.45,722.0,1,1,0,1,0
19-A-743,65.0,23.9,750.0,1,1,1,1,1
19-A-744,65.0,22.2,816.0,1,1,0,1,0
19-A-745,65.0,19.07,684.0,1,1,1,1,1
19-A-746,65.0,19.4,644.0,1,1,1,1,1
19-A-747,65.0,20.5,680.0,1,1,0,1,0
19-A-748,65.0,22.4,723.0,1,1,0,1,0
19-A-749,65.0,19.3,329.0,1,0,1,1,0
19-A-750,65.0,18.06,558.0,1,1,0,1,0
19-A-751,65.0,18.12,681.0,1,1,1,1,1
19-A-752,65.0,27.0,906.0,1,1,1,1,1
19-A-753,65.0,19.38,603.0,1,1,1,1,1
19-A-754,65.0,18.66,585.0,1,1,1,1,1
19-A-756,65.0,17.62,298.0,1,1,0,1,0
19-A-757,65.0,18.66,606.0,1,1,1,1,1
19-A-758,65.0,19.12,580.0,1,1,0,1,0
19-A-759,65.0,19.16,574.0,1,1,0,1,0
19-A-760,65.0,18.76,579.0,1,1,0,1,0
19-A-761,65.0,18.62,608.0,1,1,0,1,0
19-A-762,65.0,19.59,700.0,1,0,0,1,0
19-A-763,65.0,18.2,561.0,1,0,0,1,0
19-A-764,65.0,19.3,544.0,1,1,0,1,0
19-A-765,65.0,19.97,418.0,1,0,1,1,0
19-A-766,65.0,28.0,772.0,1,0,1,1,0
19-A-767,65.0,20.4,484.0,1,1,0,1,0
19-A-768,65.0,20.4,473.0,1,0,0,1,0
19-A-769,65.0,21.1,543.0,1,1,1,1,1
19-A-770,65.0,25.0,681.0,1,1,1,1,1
19-A-771,65.0,23.6,660.0,1,1,0,1,0
19-A-772,65.0,26.8,761.0,1,0,0,1,0
19-A-773,65.0,21.3,621.0,1,0,0,1,0
19-A-774,65.0,19.78,570.0,1,0,0,1,0
19-A-775,65.0,20.4,595.0,1,1,0,1,0
19-A-776,65.0,20.2,516.0,1,0,0,1,0
19-A-777,65.0,19.8,514.0,1,0,0,1,0
19-A-778,65.0,20.0,540.0,1,0,0,1,0
19-A-779,65.0,20.4,595.0,1,1,0,1,0
19-A-780,65.0,26.7,730.0,1,0,0,1,0
19-A-781,65.0,25.7,644.0,1,0,0,1,0
19-A-782,65.0,22.7,621.0,1,0,0,1,0
19-A-783,65.0,26.4,735.0,1,0,0,1,0
19-A-784,65.0,20.1,487.0,1,0,0,1,0
19-A-785,65.0,19.8,577.0,1,0,1,1,0
19-A-786,65.0,19.3,504.0,1,0,0,1,0
20-A-30,65.0,21.6,618.0,1,1,0,1,0
20-A-31,65.0,19.69,791.0,1,1,1,1,1
20-A-32,65.0,26.1,829.0,1,1,0,1,0
20-A-33,65.0,20.8,919.0,1,1,1,1,1
20-A-34,65.0,28.1,769.0,1,1,1,1,1
20-A-35,65.0,19.1,506.0,1,1,0,1,0
20-A-37,65.0,18.75,575.0,1,1,1,1,1
20-A-39,65.0,24.5,622.0,1,1,0,1,0
20-A-40,65.0,19.19,593.0,1,1,0,1,0
20-A-41,65.0,17.3,403.0,1,0,0,1,0
20-A-42,65.0,18.6,494.0,1,0,1,1,0
20-A-43,65.0,18.9,549.0,1,1,1,1,1
20-A-44,65.0,19.1,458.0,1,0,0,1,0
20-A-45,65.0,17.9,509.0,1,0,1,1,0
20-A-46,65.0,17.64,589.0,1,0,0,1,0
20-A-47,65.0,17.66,528.0,1,1,1,1,1
20-A-48,65.0,17.62,565.0,1,0,0,1,0
20-A-50,65.0,27.6,764.0,1,0,0,1,0
20-A-51,65.0,19.25,543.0,1,1,0,1,0
20-A-52,65.0,20.2,564.0,1,0,1,1,0
20-A-53,65.0,20.7,552.0,1,0,0,1,0
20-A-54,65.0,25.6,744.0,1,0,1,1,0
20-A-55,65.0,23.2,666.0,1,1,1,1,1
20-A-56,65.0,22.5,670.0,1,1,0,1,0
20-A-57,65.0,18.6,503.0,1,0,1,1,0
20-A-58,65.0,17.54,572.0,1,1,0,1,0
20-A-60,65.0,18.79,498.0,1,1,0,1,0
20-A-61,65.0,19.38,498.0,1,0,0,1,0
20-A-62,65.0,18.23,287.0,1,0,1,1,0
20-A-63,65.0,21.1,547.0,1,0,0,1,0
20-A-65,65.0,19.2,505.0,1,1,0,1,0
20-A-66,65.0,19.1,531.0,1,0,0,1,0
20-A-67,65.0,18.5,513.0,1,0,0,1,0
20-A-68,65.0,18.1,542.0,1,0,1,1,0
20-A-69,65.0,17.7,550.0,1,0,1,1,0
20-A-70,65.0,17.9,432.0,1,1,0,1,0
20-A-71,65.0,18.1,537.0,1,0,0,1,0
20-A-72,65.0,18.3,522.0,1,0,1,1,0
20-A-73,65.0,23.6,703.0,1,1,0,1,0
20-A-74,45.0,26.0,745.0,1,1,1,1,1
20-A-75,45.0,17.5,556.0,1,0,1,1,0
20-A-76,45.0,23.1,678.0,1,0,1,1,0
20-A-77,45.0,21.4,614.0,1,1,1,1,1
20-A-78,45.0,21.7,605.0,1,1,1,1,1
20-A-79,45.0,17.1,363.0,1,1,1,1,1
20-A-81,45.0,20.6,615.0,1,0,1,1,0
20-A-83,45.0,28.4,729.0,1,0,1,1,0
20-A-84,45.0,28.2,755.0,1,0,1,1,0
20-A-85,45.0,20.6,610.0,1,1,0,1,0
20-A-125,45.0,24.6,614.0,1,1,1,1,1
20-A-126,45.0,26.3,758.0,1,1,1,1,1
20-A-127,45.0,25.3,709.0,1,1,1,1,1
20-A-128,45.0,24.6,744.0,1,1,1,1,1
20-A-129,45.0,19.8,521.0,1,1,1,1,1
20-A-130,45.0,18.6,533.0,1,1,1,1,1
20-A-131,45.0,24.1,742.0,1,1,1,1,1
20-A-132,45.0,19.1,535.0,1,1,1,1,1
20-A-133,45.0,18.4,539.0,1,1,1,1,1
20-A-134,45.0,19.2,637.0,1,1,1,1,1
20-A-135,45.0,19.4,584.0,1,1,1,1,1
20-A-136,45.0,24.6,695.0,1,1,0,1,0
20-A-137,45.0,27.2,719.0,1,1,1,1,1
20-A-138,45.0,27.1,699.0,1,1,1,1,1
20-A-139,45.0,26.7,746.0,1,0,1,1,0
20-A-140,45.0,27.5,727.0,1,1,1,1,1
20-A-141,65.0,22.6,692.0,1,1,0,1,0
20-A-142,65.0,17.7,525.0,1,1,0,1,0
20-A-143,65.0,17.3,508.0,1,0,0,1,0
20-A-144,65.0,18.7,506.0,1,1,1,1,1
20-A-145,65.0,18.4,504.0,1,0,0,1,0
20-A-146,65.0,19.5,568.0,1,0,0,1,0
20-A-147,65.0,21.7,599.0,1,0,0,1,0
20-A-148,65.0,21.0,572.0,1,1,0,1,0
20-A-149,65.0,19.3,545.0,1,1,0,1,0
20-A-150,65.0,18.5,464.0,1,1,0,1,0
20-A-151,65.0,20.3,638.0,1,1,0,1,0
20-A-153,65.0,18.04,537.0,1,1,0,1,0
20-A-154,65.0,18.85,530.0,1,0,0,1,0
20-A-155,65.0,19.3,473.0,1,1,0,1,0
20-A-156,65.0,21.0,492.0,1,1,0,1,0
20-A-157,65.0,18.2,524.0,1,0,0,1,0
20-A-158,65.0,18.0,481.0,1,0,0,1,0
20-A-231,65.0,21.7,545.0,1,1,0,1,0
20-A-232,65.0,23.0,588.0,1,1,0,1,0
20-A-233,65.0,23.7,627.0,1,1,0,1,0
20-A-234,65.0,26.9,730.0,1,1,0,1,0
20-A-235,65.0,23.5,606.0,1,1,0,1,0
20-A-236,65.0,19.3,476.0,1,0,0,1,0
20-A-237,65.0,19.3,464.0,1,0,0,1,0
20-A-238,65.0,18.8,474.0,1,0,0,1,0
20-A-239,65.0,19.3,497.0,1,1,1,1,1
20-A-241,65.0,29.8,731.0,1,1,1,1,1
20-A-242,65.0,31.3,764.0,1,1,1,1,1
20-A-299,65.0,21.8,573.0,1,1,1,1,1
20-A-300,65.0,22.0,623.0,1,1,1,1,1
20-A-301,65.0,22.2,608.0,1,1,0,1,0
20-A-302,65.0,18.87,557.0,1,1,0,1,0
20-A-303,65.0,18.95,576.0,1,1,0,1,0
20-A-307,65.0,18.52,550.0,1,1,1,1,1
20-A-308,65.0,18.58,548.0,1,1,1,1,1
20-A-309,65.0,18.42,511.0,1,1,1,1,1
20-A-310,65.0,18.44,506.0,1,1,1,1,1
20-A-312,65.0,18.43,503.0,1,1,1,1,1
20-A-313,65.0,24.3,720.0,1,1,1,1,1
20-A-314,65.0,21.6,533.0,1,1,1,1,1
20-A-315,65.0,17.85,518.0,1,1,0,1,0
20-A-316,65.0,19.3,521.0,1,1,0,1,0
20-A-317,65.0,18.3,522.0,1,1,0,1,0
20-A-318,65.0,18.9,534.0,1,1,0,1,0
20-A-319,65.0,21.8,640.0,1,1,0,1,0
20-A-320,65.0,23.3,701.0,1,1,0,1,0
20-A-321,65.0,19.3,566.0,1,1,0,1,0
20-A-322,65.0,21.0,615.0,1,1,1,1,1
20-A-323,65.0,26.2,617.0,1,1,1,1,1
20-A-324,65.0,20.7,538.0,1,1,0,1,0
20-A-325,65.0,20.5,455.0,1,1,1,1,1
20-A-326,65.0,26.5,727.0,1,1,1,1,1
20-A-328,65.0,21.8,645.0,1,1,1,1,1
20-A-329,65.0,25.1,706.0,1,1,1,1,1
20-A-330,65.0,26.9,677.0,1,1,1,1,1
20-A-331,65.0,27.5,749.0,1,1,0,1,0
20-A-332,65.0,27.5,770.0,1,1,1,1,1
20-A-333,65.0,24.4,682.0,1,1,1,1,1
20-A-334,65.0,24.8,691.0,1,1,1,1,1
20-A-383,65.0,21.8,558.0,1,1,1,1,1
20-A-384,65.0,22.3,619.0,1,1,0,1,0
20-A-441,65.0,28.3,720.0,1,1,1,1,1
20-A-442,65.0,26.4,669.0,1,1,1,1,1
20-A-443,65.0,28.9,709.0,1,1,1,1,1
20-A-444,65.0,28.3,714.0,1,1,1,1,1
20-A-445,65.0,29.4,691.0,1,1,1,1,1
20-A-446,65.0,29.2,737.0,1,1,1,1,1
20-A-447,65.0,28.2,710.0,1,1,1,1,1
20-A-448,65.0,27.8,708.0,1,1,1,1,1
20-A-449,65.0,30.6,754.0,1,1,1,1,1
20-A-450,65.0,30.4,740.0,1,1,1,1,1
20-A-451,65.0,30.8,766.0,1,1,1,1,1
20-A-452,65.0,29.8,742.0,1,1,1,1,1
20-A-453,65.0,29.9,769.0,1,1,1,1,1
20-A-454,65.0,29.2,754.0,1,1,1,1,1
20-A-455,65.0,28.5,715.0,1,1,1,1,1
20-A-456,65.0,28.5,760.0,1,1,1,1,1
20-A-457,65.0,28.5,758.0,1,1,1,1,1
20-A-458,65.0,29.3,740.0,1,1,1,1,1
20-A-459,65.0,28.9,754.0,1,1,1,1,1
20-A-460,65.0,27.5,730.0,1,1,1,1,1
20-A-461,65.0,28.0,733.0,1,1,1,1,1
20-A-462,65.0,28.9,711.0,1,1,1,1,1
20-A-464,65.0,26.8,723.0,1,1,0,1,0
20-A-465,65.0,28.5,743.0,1,1,1,1,1
20-A-466,65.0,26.8,700.0,1,1,1,1,1
20-A-467,65.0,26.5,697.0,1,1,1,1,1
20-A-468,65.0,28.1,746.0,1,1,1,1,1
20-A-470,65.0,27.8,742.0,1,1,1,1,1
20-A-471,65.0,27.6,699.0,1,1,1,1,1
20-A-472,65.0,28.0,719.0,1,1,1,1,1
20-A-473,65.0,23.9,601.0,1,1,1,1,1
20-A-474,65.0,19.2,461.0,1,1,1,1,1
20-A-475,65.0,28.6,734.0,1,1,1,1,1
20-A-476,65.0,21.2,471.0,1,1,1,1,1
20-A-477,65.0,21.9,508.0,1,0,1,1,0
20-A-478,65.0,21.4,520.0,1,0,1,1,0
20-A-479,65.0,21.4,523.0,1,1,1,1,1
20-A-480,65.0,21.8,502.0,1,1,1,1,1
20-A-481,65.0,20.4,458.0,1,1,1,1,1
20-A-482,65.0,29.1,711.0,1,1,1,1,1
20-A-483,65.0,28.3,702.0,1,1,1,1,1
21-A-10,65.0,28.0,675.0,1,1,1,1,1
21-A-11,65.0,30.0,532.0,1,1,1,1,1
21-A-12,65.0,26.5,608.0,1,1,1,1,1
21-A-13,65.0,21.6,585.0,1,1,1,1,1
21-A-14,65.0,29.2,729.0,1,1,1,1,1
21-A-15,65.0,26.2,665.0,1,1,1,1,1
21-A-16,65.0,26.5,686.0,1,1,1,1,1
21-A-17,65.0,27.1,729.0,1,1,1,1,1
21-A-18,65.0,27.0,724.0,1,1,1,1,1
21-A-19,65.0,28.0,773.0,1,1,1,1,1
21-A-20,65.0,22.9,620.0,1,1,1,1,1
21-A-21,65.0,24.7,656.0,1,1,1,1,1
21-A-22,65.0,26.8,730.0,1,1,1,1,1
21-A-23,65.0,25.8,685.0,1,1,1,1,1
21-A-65,65.0,29.2,763.0,1,1,1,1,1
21-A-67,65.0,24.1,729.0,1,1,1,1,1
21-A-68,65.0,25.1,729.0,1,1,1,1,1
21-A-69,65.0,25.1,540.0,1,1,1,1,1
21-A-70,65.0,19.3,538.0,1,1,1,1,1
21-A-72,65.0,21.1,548.0,1,1,1,1,1
21-A-73,65.0,20.1,569.0,1,1,1,1,1
21-A-74,65.0,18.4,543.0,1,1,1,1,1
21-A-75,65.0,22.7,690.0,1,1,1,1,1
21-A-76,65.0,26.5,760.0,1,1,1,1,1
21-A-77,65.0,22.3,622.0,1,1,1,1,1
21-A-126,65.0,18.2,464.0,1,1,1,1,1
21-A-127,65.0,19.3,447.0,1,1,1,1,1
21-A-128,65.0,18.4,456.0,1,1,0,1,0
21-A-129,65.0,18.8,440.0,1,1,0,1,0
21-A-130,65.0,19.4,463.0,1,1,1,1,1
21-A-131,65.0,19.4,444.0,1,1,0,1,0
21-A-132,65.0,18.4,481.0,1,1,0,1,0
21-A-133,65.0,18.2,413.0,1,1,0,1,0
21-A-134,65.0,19.0,515.0,1,1,0,1,0
21-A-135,65.0,17.64,360.0,1,1,0,1,0
21-A-136,65.0,19.7,462.0,1,1,0,1,0
21-A-137,65.0,17.64,640.0,1,1,0,1,0
21-A-138,65.0,20.0,429.0,1,1,0,1,0
21-A-139,65.0,19.8,433.0,1,1,0,1,0
21-A-140,65.0,19.3,439.0,1,1,0,1,0
21-A-142,65.0,18.8,407.0,1,1,0,1,0
21-A-143,65.0,19.0,386.0,1,1,0,1,0
21-A-144,65.0,19.7,411.0,1,1,0,1,0
21-A-146,65.0,19.9,417.0,1,1,0,1,0
21-A-147,65.0,19.2,397.0,1,1,0,1,0
21-A-148,65.0,19.8,452.0,1,0,0,1,0
21-A-149,65.0,19.6,429.0,1,1,0,1,0
21-A-151,65.0,18.8,431.0,1,1,0,1,0
21-A-152,65.0,19.2,449.0,1,1,0,1,0
21-A-153,65.0,19.5,414.0,1,0,0,1,0
21-A-154,65.0,18.5,423.0,1,0,0,1,0
21-A-155,65.0,19.8,435.0,1,0,0,1,0
21-A-156,65.0,19.0,418.0,1,1,0,1,0
21-A-157,65.0,19.0,444.0,1,1,0,1,0
21-A-480,65.0,18.0,539.0,1,1,1,1,1
21-A-481,65.0,20.2,505.0,1,1,1,1,1
21-A-482,65.0,19.47,529.0,1,1,1,1,1
21-A-491,65.0,18.9,590.0,1,1,1,1,1
21-A-574,65.0,17.53,509.0,1,1,1,1,1
21-A-582,65.0,20.6,562.0,1,1,1,1,1
21-A-586,65.0,18.7,473.0,1,1,1,1,1
21-A-587,65.0,19.3,481.0,1,1,1,1,1
22-A-71,65.0,22.4,693.0,1,1,1,1,1
22-A-72,65.0,17.6,585.0,1,1,1,1,1
22-A-73,65.0,20.7,698.0,1,1,1,1,1
22-A-74,65.0,22.8,765.0,1,1,1,1,1
22-A-75,65.0,23.6,780.0,1,1,1,1,1
22-A-86,65.0,18.9,632.0,1,1,1,1,1
22-A-87,65.0,18.2,572.0,1,1,1,1,1
22-A-88,65.0,23.7,711.0,1,1,1,1,1
22-A-89,65.0,17.2,556.0,1,1,1,1,1
22-A-90,65.0,18.1,595.0,1,1,1,1,1
22-A-91,65.0,27.7,740.0,1,1,1,1,1
