epoch,training_accuracy,training_loss,test_accuracy,test_loss,model
0,0.7430555820465088,0.5593191981315613,0.7699530720710754,0.4829410910606384,Neural Network
1,0.7615740895271301,0.5318355560302734,0.7840375304222107,0.4813431203365326,Neural Network
2,0.7476851940155029,0.547447681427002,0.7746478915214539,0.49972301721572876,Neural Network
3,0.7731481194496155,0.5272983908653259,0.7840375304222107,0.47657278180122375,Neural Network
4,0.7615740895271301,0.5301470756530762,0.7934272289276123,0.47866198420524597,Neural Network
5,0.7754629850387573,0.5186551213264465,0.7887324094772339,0.47940075397491455,Neural Network
6,0.7453703880310059,0.533444344997406,0.7981220483779907,0.46985286474227905,Neural Network
7,0.7569444179534912,0.5354334712028503,0.7840375304222107,0.47601205110549927,Neural Network
8,0.7662037014961243,0.5276090502738953,0.7887324094772339,0.47114256024360657,Neural Network
9,0.7638888955116272,0.533455491065979,0.7793427109718323,0.5107402801513672,Neural Network
10,0.7268518805503845,0.5589818358421326,0.7934272289276123,0.4710618853569031,Neural Network
11,0.7662037014961243,0.5226886868476868,0.7981220483779907,0.4683842062950134,Neural Network
12,0.7592592835426331,0.5246867537498474,0.7934272289276123,0.47052451968193054,Neural Network
13,0.7615740895271301,0.5211074352264404,0.7887324094772339,0.47280997037887573,Neural Network
14,0.7384259104728699,0.5605857372283936,0.737089216709137,0.49904200434684753,Neural Network
15,0.7569444179534912,0.527997612953186,0.7746478915214539,0.5061376690864563,Neural Network
16,0.7592592835426331,0.5277135372161865,0.7934272289276123,0.47247451543807983,Neural Network
17,0.7777777910232544,0.510640025138855,0.7934272289276123,0.4722515940666199,Neural Network
18,0.7754629850387573,0.5173728466033936,0.8075117468833923,0.4648657739162445,Neural Network
19,0.7662037014961243,0.5169674754142761,0.8028169274330139,0.47229433059692383,Neural Network
20,0.7638888955116272,0.5145140290260315,0.7981220483779907,0.46772822737693787,Neural Network
21,0.7523148059844971,0.5232483744621277,0.7793427109718323,0.475742906332016,Neural Network
22,0.7615740895271301,0.5184250473976135,0.7934272289276123,0.47455617785453796,Neural Network
23,0.7824074029922485,0.5115401148796082,0.7840375304222107,0.47529083490371704,Neural Network
24,0.7685185074806213,0.514101505279541,0.7934272289276123,0.46628183126449585,Neural Network
25,0.7638888955116272,0.5172304511070251,0.7981220483779907,0.46781566739082336,Neural Network
26,0.7731481194496155,0.5124292969703674,0.7417840361595154,0.5090201497077942,Neural Network
27,0.7430555820465088,0.5369270443916321,0.7981220483779907,0.4643324613571167,Neural Network
28,0.7731481194496155,0.50996994972229,0.7558685541152954,0.4943264126777649,Neural Network
29,0.7754629850387573,0.5093473792076111,0.8028169274330139,0.46087729930877686,Neural Network
30,0.7662037014961243,0.5119546055793762,0.8028169274330139,0.46087580919265747,Neural Network
31,0.75,0.5286968350410461,0.7699530720710754,0.49458473920822144,Neural Network
32,0.7615740895271301,0.5104959011077881,0.7699530720710754,0.47497522830963135,Neural Network
33,0.7638888955116272,0.5120219588279724,0.7981220483779907,0.46309894323349,Neural Network
34,0.7592592835426331,0.5142980217933655,0.6901408433914185,0.5834462642669678,Neural Network
35,0.7314814925193787,0.5370216965675354,0.7605633735656738,0.519521176815033,Neural Network
36,0.7592592835426331,0.5176520347595215,0.8028169274330139,0.45613202452659607,Neural Network
37,0.7638888955116272,0.5112131834030151,0.8028169274330139,0.46470725536346436,Neural Network
38,0.7893518805503845,0.49857762455940247,0.7934272289276123,0.4596754014492035,Neural Network
39,0.7476851940155029,0.5219619870185852,0.7887324094772339,0.46947038173675537,Neural Network
40,0.7453703880310059,0.5280455946922302,0.7981220483779907,0.4628169536590576,Neural Network
41,0.7685185074806213,0.5133809447288513,0.7981220483779907,0.46430471539497375,Neural Network
42,0.7685185074806213,0.5024299025535583,0.7793427109718323,0.4693899154663086,Neural Network
43,0.7708333134651184,0.5152508616447449,0.7840375304222107,0.4753563404083252,Neural Network
44,0.7523148059844971,0.5282705426216125,0.8028169274330139,0.45517146587371826,Neural Network
45,0.7662037014961243,0.5084922313690186,0.7746478915214539,0.4689643085002899,Neural Network
46,0.7754629850387573,0.508651077747345,0.7840375304222107,0.46737149357795715,Neural Network
47,0.7777777910232544,0.5003829598426819,0.7981220483779907,0.4602818787097931,Neural Network
48,0.7407407164573669,0.527647852897644,0.7934272289276123,0.4789378345012665,Neural Network
49,0.7569444179534912,0.5176920890808105,0.7464788556098938,0.5064469575881958,Neural Network
50,0.7662037014961243,0.5121877789497375,0.7840375304222107,0.46398448944091797,Neural Network
51,0.7939814925193787,0.48809894919395447,0.7652581930160522,0.4794204831123352,Neural Network
52,0.7592592835426331,0.524127721786499,0.7887324094772339,0.47978299856185913,Neural Network
53,0.7638888955116272,0.5053012371063232,0.7840375304222107,0.467250794172287,Neural Network
54,0.7939814925193787,0.4950500726699829,0.7652581930160522,0.5009335279464722,Neural Network
55,0.7546296119689941,0.5108671188354492,0.7934272289276123,0.4561448097229004,Neural Network
56,0.7546296119689941,0.5109740495681763,0.7840375304222107,0.4792361259460449,Neural Network
57,0.7731481194496155,0.5142790079116821,0.7887324094772339,0.46241647005081177,Neural Network
58,0.7662037014961243,0.5215004682540894,0.7981220483779907,0.4595642387866974,Neural Network
59,0.7847222089767456,0.4896906614303589,0.7793427109718323,0.4694382846355438,Neural Network
60,0.7754629850387573,0.5040349364280701,0.7887324094772339,0.47820135951042175,Neural Network
61,0.7754629850387573,0.50836181640625,0.7981220483779907,0.4587951898574829,Neural Network
62,0.7523148059844971,0.5198565721511841,0.7652581930160522,0.49685561656951904,Neural Network
63,0.7824074029922485,0.4887104332447052,0.7464788556098938,0.508699357509613,Neural Network
64,0.7662037014961243,0.5119256973266602,0.7417840361595154,0.5237388610839844,Neural Network
65,0.7569444179534912,0.5408371686935425,0.8028169274330139,0.45957034826278687,Neural Network
66,0.7731481194496155,0.4993480145931244,0.8028169274330139,0.4480140805244446,Neural Network
67,0.7939814925193787,0.48039570450782776,0.7746478915214539,0.467681348323822,Neural Network
68,0.7777777910232544,0.49327847361564636,0.7605633735656738,0.482835590839386,Neural Network
69,0.7662037014961243,0.5158640742301941,0.8075117468833923,0.44730472564697266,Neural Network
70,0.7708333134651184,0.49874183535575867,0.7840375304222107,0.46040523052215576,Neural Network
71,0.7847222089767456,0.4858465790748596,0.7981220483779907,0.46437910199165344,Neural Network
72,0.7847222089767456,0.49041277170181274,0.7793427109718323,0.46610140800476074,Neural Network
73,0.7893518805503845,0.4849574565887451,0.8075117468833923,0.4461057186126709,Neural Network
74,0.7986111044883728,0.48391273617744446,0.7981220483779907,0.4624115526676178,Neural Network
75,0.75,0.5360077023506165,0.8075117468833923,0.45197051763534546,Neural Network
76,0.7893518805503845,0.48124128580093384,0.7793427109718323,0.46454229950904846,Neural Network
77,0.7800925970077515,0.48859718441963196,0.7934272289276123,0.4518263339996338,Neural Network
78,0.7685185074806213,0.5028530955314636,0.7464788556098938,0.5353986620903015,Neural Network
79,0.7476851940155029,0.5202479362487793,0.7652581930160522,0.4814057946205139,Neural Network
80,0.7777777910232544,0.4917375445365906,0.7887324094772339,0.4624415636062622,Neural Network
81,0.7731481194496155,0.50069260597229,0.7699530720710754,0.467921644449234,Neural Network
82,0.7754629850387573,0.4980863630771637,0.7887324094772339,0.4513360559940338,Neural Network
83,0.7800925970077515,0.4833982586860657,0.7887324094772339,0.4643888473510742,Neural Network
84,0.7754629850387573,0.4895460903644562,0.7981220483779907,0.454130619764328,Neural Network
85,0.7777777910232544,0.4804798364639282,0.7793427109718323,0.46756288409233093,Neural Network
86,0.7800925970077515,0.4895458519458771,0.8028169274330139,0.44638535380363464,Neural Network
87,0.7870370149612427,0.4794689118862152,0.7793427109718323,0.46823686361312866,Neural Network
88,0.7662037014961243,0.5111426115036011,0.7981220483779907,0.44448840618133545,Neural Network
89,0.7754629850387573,0.4881197214126587,0.7887324094772339,0.45925870537757874,Neural Network
90,0.7870370149612427,0.475668340921402,0.7887324094772339,0.4632454514503479,Neural Network
91,0.7939814925193787,0.4800502359867096,0.7887324094772339,0.4597928822040558,Neural Network
92,0.7800925970077515,0.4921707808971405,0.8028169274330139,0.45130476355552673,Neural Network
93,0.7800925970077515,0.48619401454925537,0.7746478915214539,0.4932762682437897,Neural Network
94,0.7430555820465088,0.5363617539405823,0.7934272289276123,0.456586629152298,Neural Network
95,0.7708333134651184,0.4908594787120819,0.7699530720710754,0.46798133850097656,Neural Network
96,0.7314814925193787,0.5471073389053345,0.7746478915214539,0.46803373098373413,Neural Network
97,0.75,0.5243245363235474,0.7699530720710754,0.4753664433956146,Neural Network
98,0.7870370149612427,0.4827386140823364,0.7699530720710754,0.4790078103542328,Neural Network
99,0.7708333134651184,0.5003392100334167,0.7605633735656738,0.47398436069488525,Neural Network
100,0.7777777910232544,0.48425647616386414,0.751173734664917,0.5199988484382629,Neural Network
101,0.7870370149612427,0.4815484583377838,0.7793427109718323,0.46400272846221924,Neural Network
102,0.7847222089767456,0.47357141971588135,0.7793427109718323,0.4683905839920044,Neural Network
103,0.7754629850387573,0.49725341796875,0.8028169274330139,0.4500576853752136,Neural Network
104,0.7916666865348816,0.48267439007759094,0.7746478915214539,0.48179930448532104,Neural Network
105,0.7708333134651184,0.49916282296180725,0.7746478915214539,0.47219088673591614,Neural Network
106,0.7291666865348816,0.5335248112678528,0.7840375304222107,0.4630906283855438,Neural Network
107,0.7731481194496155,0.483010858297348,0.8028169274330139,0.4418945908546448,Neural Network
108,0.7731481194496155,0.48115256428718567,0.7981220483779907,0.44694358110427856,Neural Network
109,0.7870370149612427,0.4768981635570526,0.737089216709137,0.4975288212299347,Neural Network
110,0.7754629850387573,0.48080745339393616,0.7652581930160522,0.4758705198764801,Neural Network
111,0.7893518805503845,0.47002047300338745,0.7840375304222107,0.472686767578125,Neural Network
112,0.7615740895271301,0.5100142955780029,0.7934272289276123,0.4517393112182617,Neural Network
113,0.7847222089767456,0.47749006748199463,0.7699530720710754,0.4803686738014221,Neural Network
114,0.7847222089767456,0.4791438579559326,0.7981220483779907,0.446422278881073,Neural Network
115,0.7824074029922485,0.476069837808609,0.7981220483779907,0.45445191860198975,Neural Network
116,0.7824074029922485,0.4773675203323364,0.8028169274330139,0.44052693247795105,Neural Network
117,0.7754629850387573,0.47386106848716736,0.7887324094772339,0.4492122232913971,Neural Network
118,0.7824074029922485,0.47895801067352295,0.7887324094772339,0.45315176248550415,Neural Network
119,0.7777777910232544,0.48680195212364197,0.7840375304222107,0.4650021195411682,Neural Network
120,0.7986111044883728,0.4638022780418396,0.7417840361595154,0.5274630784988403,Neural Network
121,0.7777777910232544,0.4843825697898865,0.7746478915214539,0.47385174036026,Neural Network
122,0.7592592835426331,0.511158287525177,0.7887324094772339,0.4670374095439911,Neural Network
123,0.7245370149612427,0.552327036857605,0.7558685541152954,0.4822893440723419,Neural Network
124,0.7592592835426331,0.5042128562927246,0.7793427109718323,0.46232178807258606,Neural Network
125,0.7893518805503845,0.47423264384269714,0.7934272289276123,0.4475128948688507,Neural Network
126,0.7916666865348816,0.46361005306243896,0.7887324094772339,0.454070508480072,Neural Network
127,0.7893518805503845,0.4654524624347687,0.8122065663337708,0.4397085905075073,Neural Network
128,0.7870370149612427,0.4664892852306366,0.8075117468833923,0.43248501420021057,Neural Network
129,0.7824074029922485,0.47782769799232483,0.7887324094772339,0.4703672230243683,Neural Network
130,0.7708333134651184,0.4891969561576843,0.7605633735656738,0.49430137872695923,Neural Network
131,0.7939814925193787,0.46599578857421875,0.8028169274330139,0.44901028275489807,Neural Network
132,0.7662037014961243,0.48726627230644226,0.7746478915214539,0.47028881311416626,Neural Network
133,0.7731481194496155,0.4932497441768646,0.7934272289276123,0.4577304720878601,Neural Network
134,0.7939814925193787,0.46623387932777405,0.7746478915214539,0.47783732414245605,Neural Network
135,0.7962962985038757,0.4602991044521332,0.8028169274330139,0.44340959191322327,Neural Network
136,0.7569444179534912,0.5093092322349548,0.7934272289276123,0.45483994483947754,Neural Network
137,0.7939814925193787,0.45859065651893616,0.7840375304222107,0.46717479825019836,Neural Network
138,0.7731481194496155,0.4833073019981384,0.7136150002479553,0.571269154548645,Neural Network
139,0.7731481194496155,0.4782985746860504,0.8028169274330139,0.4444625973701477,Neural Network
140,0.7754629850387573,0.47652336955070496,0.7746478915214539,0.475329726934433,Neural Network
141,0.7708333134651184,0.49075281620025635,0.7934272289276123,0.4583583474159241,Neural Network
142,0.7870370149612427,0.4723580777645111,0.7699530720710754,0.47119057178497314,Neural Network
143,0.7847222089767456,0.47609981894493103,0.7840375304222107,0.454338401556015,Neural Network
144,0.7361111044883728,0.5326595902442932,0.8075117468833923,0.4442808926105499,Neural Network
145,0.7777777910232544,0.4747236669063568,0.7981220483779907,0.46947821974754333,Neural Network
146,0.7847222089767456,0.4758622944355011,0.7934272289276123,0.4461751878261566,Neural Network
147,0.7777777910232544,0.480583518743515,0.7746478915214539,0.47143036127090454,Neural Network
148,0.7615740895271301,0.49474072456359863,0.7981220483779907,0.44311121106147766,Neural Network
149,0.8009259104728699,0.4545145332813263,0.7699530720710754,0.4693702161312103,Neural Network
150,0.7754629850387573,0.4766484797000885,0.7558685541152954,0.4968819320201874,Neural Network
151,0.7777777910232544,0.4771900773048401,0.751173734664917,0.5084103941917419,Neural Network
152,0.7939814925193787,0.4631035029888153,0.7793427109718323,0.4521777033805847,Neural Network
153,0.7939814925193787,0.4849201440811157,0.7652581930160522,0.4810734689235687,Neural Network
154,0.7800925970077515,0.47561582922935486,0.7887324094772339,0.459085613489151,Neural Network
155,0.7939814925193787,0.4546140730381012,0.7934272289276123,0.4519357681274414,Neural Network
156,0.7939814925193787,0.4519933760166168,0.7981220483779907,0.45619407296180725,Neural Network
157,0.7800925970077515,0.4808558225631714,0.6995305418968201,0.5956251621246338,Neural Network
158,0.7754629850387573,0.48197034001350403,0.8028169274330139,0.4468403458595276,Neural Network
159,0.8078703880310059,0.4477362334728241,0.8028169274330139,0.4414854347705841,Neural Network
160,0.8055555820465088,0.45543232560157776,0.7840375304222107,0.47168079018592834,Neural Network
161,0.7847222089767456,0.48785877227783203,0.8075117468833923,0.445097953081131,Neural Network
162,0.7777777910232544,0.48315322399139404,0.7793427109718323,0.47440043091773987,Neural Network
163,0.7222222089767456,0.5374231934547424,0.8028169274330139,0.46436867117881775,Neural Network
164,0.7916666865348816,0.4733544588088989,0.8122065663337708,0.4346712529659271,Neural Network
165,0.8078703880310059,0.45490455627441406,0.8028169274330139,0.4490087926387787,Neural Network
166,0.8032407164573669,0.4528450071811676,0.8122065663337708,0.43806561827659607,Neural Network
167,0.7662037014961243,0.5132789015769958,0.751173734664917,0.5074183940887451,Neural Network
168,0.7731481194496155,0.486040323972702,0.7746478915214539,0.4856374263763428,Neural Network
169,0.7662037014961243,0.5017001032829285,0.7652581930160522,0.47904571890830994,Neural Network
170,0.7824074029922485,0.48738035559654236,0.7558685541152954,0.4978781044483185,Neural Network
171,0.7569444179534912,0.5126073956489563,0.7981220483779907,0.4583078920841217,Neural Network
172,0.8055555820465088,0.4588570296764374,0.7934272289276123,0.4522134065628052,Neural Network
173,0.7592592835426331,0.48513415455818176,0.751173734664917,0.5128923654556274,Neural Network
174,0.7731481194496155,0.49502867460250854,0.8028169274330139,0.44274595379829407,Neural Network
175,0.7870370149612427,0.47158026695251465,0.8075117468833923,0.4512414336204529,Neural Network
176,0.8055555820465088,0.45281314849853516,0.7981220483779907,0.45471009612083435,Neural Network
177,0.7870370149612427,0.4664584994316101,0.8028169274330139,0.44920939207077026,Neural Network
178,0.7939814925193787,0.45814254879951477,0.8122065663337708,0.43298664689064026,Neural Network
179,0.7824074029922485,0.47171109914779663,0.7840375304222107,0.48431578278541565,Neural Network
180,0.7916666865348816,0.4739450514316559,0.8075117468833923,0.44791293144226074,Neural Network
181,0.7592592835426331,0.5140537023544312,0.7934272289276123,0.47247159481048584,Neural Network
182,0.7824074029922485,0.47392866015434265,0.8028169274330139,0.447162002325058,Neural Network
183,0.7962962985038757,0.46590518951416016,0.8122065663337708,0.44382286071777344,Neural Network
184,0.7962962985038757,0.4623146653175354,0.7793427109718323,0.4615083336830139,Neural Network
185,0.8055555820465088,0.4542391300201416,0.8169013857841492,0.4425078332424164,Neural Network
186,0.7916666865348816,0.4541786313056946,0.8215962648391724,0.43732506036758423,Neural Network
187,0.8009259104728699,0.44913220405578613,0.7323943376541138,0.5353559851646423,Neural Network
188,0.7893518805503845,0.45928362011909485,0.8122065663337708,0.44213753938674927,Neural Network
189,0.7939814925193787,0.4693499803543091,0.7981220483779907,0.4577609896659851,Neural Network
190,0.7800925970077515,0.49018043279647827,0.68544602394104,0.5946564078330994,Neural Network
191,0.7800925970077515,0.4810551106929779,0.7840375304222107,0.4736414849758148,Neural Network
192,0.7893518805503845,0.46022123098373413,0.8169013857841492,0.44293925166130066,Neural Network
193,0.7870370149612427,0.4755287170410156,0.8028169274330139,0.4550136923789978,Neural Network
194,0.8125,0.43856945633888245,0.7746478915214539,0.49780845642089844,Neural Network
195,0.7685185074806213,0.5105260014533997,0.8075117468833923,0.4379657208919525,Neural Network
196,0.8009259104728699,0.4475122094154358,0.8169013857841492,0.44418826699256897,Neural Network
197,0.7638888955116272,0.5000160932540894,0.8028169274330139,0.44857171177864075,Neural Network
198,0.8009259104728699,0.4516731798648834,0.7981220483779907,0.46304333209991455,Neural Network
199,0.7986111044883728,0.452535480260849,0.8215962648391724,0.42404863238334656,Neural Network
200,0.8078703880310059,0.43492475152015686,0.7746478915214539,0.4881741404533386,Neural Network
201,0.8055555820465088,0.44002342224121094,0.7793427109718323,0.47555193305015564,Neural Network
202,0.7847222089767456,0.4795001447200775,0.8075117468833923,0.4353741705417633,Neural Network
203,0.7916666865348816,0.4733465909957886,0.7417840361595154,0.5230374336242676,Neural Network
204,0.7962962985038757,0.45976313948631287,0.8122065663337708,0.4429648816585541,Neural Network
205,0.7916666865348816,0.4683147072792053,0.8028169274330139,0.4491427540779114,Neural Network
206,0.7916666865348816,0.47336822748184204,0.8075117468833923,0.4484589993953705,Neural Network
207,0.7893518805503845,0.462660551071167,0.7652581930160522,0.4915454089641571,Neural Network
208,0.75,0.5151306986808777,0.7981220483779907,0.46206164360046387,Neural Network
209,0.7870370149612427,0.4742687940597534,0.8028169274330139,0.4518790543079376,Neural Network
210,0.8009259104728699,0.4516693651676178,0.8028169274330139,0.45210030674934387,Neural Network
211,0.7986111044883728,0.4527970850467682,0.7981220483779907,0.4542667865753174,Neural Network
212,0.7916666865348816,0.4550219178199768,0.7934272289276123,0.4609818458557129,Neural Network
213,0.8009259104728699,0.45085418224334717,0.7605633735656738,0.4911651015281677,Neural Network
214,0.8148148059844971,0.4381345808506012,0.8122065663337708,0.43867576122283936,Neural Network
215,0.7870370149612427,0.45827528834342957,0.7793427109718323,0.49291524291038513,Neural Network
216,0.8055555820465088,0.4568009078502655,0.8215962648391724,0.4410158395767212,Neural Network
217,0.7939814925193787,0.4542344808578491,0.8028169274330139,0.4491937756538391,Neural Network
218,0.8032407164573669,0.44343090057373047,0.8122065663337708,0.43912655115127563,Neural Network
219,0.7847222089767456,0.4576776325702667,0.8028169274330139,0.4622405469417572,Neural Network
220,0.7986111044883728,0.479941725730896,0.7887324094772339,0.4685724377632141,Neural Network
221,0.7939814925193787,0.4474599361419678,0.7934272289276123,0.458525151014328,Neural Network
222,0.7986111044883728,0.4583912193775177,0.8122065663337708,0.44002988934516907,Neural Network
223,0.7916666865348816,0.46293342113494873,0.7887324094772339,0.4651110768318176,Neural Network
224,0.7824074029922485,0.44171828031539917,0.8122065663337708,0.4530077874660492,Neural Network
225,0.7245370149612427,0.561447024345398,0.8169013857841492,0.43464258313179016,Neural Network
226,0.7962962985038757,0.44207215309143066,0.8075117468833923,0.44685012102127075,Neural Network
227,0.8055555820465088,0.43354642391204834,0.7981220483779907,0.4488823711872101,Neural Network
228,0.8009259104728699,0.4532022774219513,0.8028169274330139,0.43845561146736145,Neural Network
229,0.8101851940155029,0.4552854597568512,0.7981220483779907,0.4539436101913452,Neural Network
230,0.7986111044883728,0.45286405086517334,0.8075117468833923,0.45484110713005066,Neural Network
231,0.8032407164573669,0.44012072682380676,0.8122065663337708,0.43491610884666443,Neural Network
232,0.7986111044883728,0.45149555802345276,0.8075117468833923,0.4489789307117462,Neural Network
233,0.7662037014961243,0.4872383177280426,0.8028169274330139,0.44719716906547546,Neural Network
234,0.7824074029922485,0.4888260066509247,0.8122065663337708,0.4398409426212311,Neural Network
235,0.7800925970077515,0.46596354246139526,0.8075117468833923,0.44258633255958557,Neural Network
236,0.7893518805503845,0.4628887474536896,0.7605633735656738,0.5209470391273499,Neural Network
237,0.8009259104728699,0.454228937625885,0.8169013857841492,0.43468916416168213,Neural Network
238,0.7777777910232544,0.45834994316101074,0.8169013857841492,0.4473924934864044,Neural Network
239,0.8101851940155029,0.43481820821762085,0.7981220483779907,0.42697155475616455,Neural Network
240,0.7939814925193787,0.4478471279144287,0.8028169274330139,0.44174766540527344,Neural Network
241,0.8009259104728699,0.43249842524528503,0.8028169274330139,0.4442058205604553,Neural Network
242,0.8171296119689941,0.4312126636505127,0.7840375304222107,0.4542841911315918,Neural Network
243,0.8055555820465088,0.44826236367225647,0.8075117468833923,0.4405788481235504,Neural Network
244,0.8078703880310059,0.43168437480926514,0.8122065663337708,0.4385915696620941,Neural Network
245,0.7291666865348816,0.5388856530189514,0.7558685541152954,0.504753828048706,Neural Network
246,0.7546296119689941,0.5000043511390686,0.7793427109718323,0.45456939935684204,Neural Network
247,0.8078703880310059,0.441481351852417,0.7934272289276123,0.46460458636283875,Neural Network
248,0.7893518805503845,0.4586537182331085,0.7558685541152954,0.5113803744316101,Neural Network
249,0.8194444179534912,0.43213558197021484,0.8075117468833923,0.4519743323326111,Neural Network
250,0.7777777910232544,0.4787532389163971,0.8075117468833923,0.4486445486545563,Neural Network
251,0.8171296119689941,0.4260396659374237,0.8122065663337708,0.43139317631721497,Neural Network
252,0.8055555820465088,0.4458119571208954,0.7887324094772339,0.47059163451194763,Neural Network
253,0.7800925970077515,0.47668126225471497,0.8215962648391724,0.44037485122680664,Neural Network
254,0.7962962985038757,0.4466985762119293,0.8028169274330139,0.44243475794792175,Neural Network
255,0.8148148059844971,0.4317909777164459,0.8262910842895508,0.4375055134296417,Neural Network
256,0.8055555820465088,0.43464958667755127,0.8028169274330139,0.4564034640789032,Neural Network
257,0.7893518805503845,0.44521185755729675,0.7746478915214539,0.4678768217563629,Neural Network
258,0.8125,0.43878188729286194,0.8169013857841492,0.44025543332099915,Neural Network
259,0.8078703880310059,0.43771395087242126,0.7793427109718323,0.4819597005844116,Neural Network
260,0.8125,0.42976054549217224,0.8122065663337708,0.43583571910858154,Neural Network
261,0.8055555820465088,0.4421566128730774,0.7183098793029785,0.5476192235946655,Neural Network
262,0.7754629850387573,0.47576919198036194,0.8028169274330139,0.43867242336273193,Neural Network
263,0.8101851940155029,0.43606460094451904,0.8028169274330139,0.4506969153881073,Neural Network
264,0.8263888955116272,0.42819657921791077,0.8028169274330139,0.44642725586891174,Neural Network
265,0.8078703880310059,0.4408950209617615,0.7746478915214539,0.4836714565753937,Neural Network
266,0.8032407164573669,0.447757750749588,0.7981220483779907,0.4590873122215271,Neural Network
267,0.8101851940155029,0.4382828176021576,0.7793427109718323,0.4879361093044281,Neural Network
268,0.7893518805503845,0.4580537676811218,0.7934272289276123,0.47445186972618103,Neural Network
269,0.8125,0.43407827615737915,0.7699530720710754,0.4905088245868683,Neural Network
270,0.8078703880310059,0.44062626361846924,0.7840375304222107,0.4681488573551178,Neural Network
271,0.7986111044883728,0.4481736421585083,0.8075117468833923,0.44249406456947327,Neural Network
272,0.7847222089767456,0.44978100061416626,0.8028169274330139,0.4470096528530121,Neural Network
273,0.8194444179534912,0.42766687273979187,0.8028169274330139,0.4546293616294861,Neural Network
274,0.8287037014961243,0.4131762683391571,0.8075117468833923,0.46480056643486023,Neural Network
275,0.8263888955116272,0.4261558949947357,0.8075117468833923,0.44483816623687744,Neural Network
276,0.8009259104728699,0.4424992799758911,0.7793427109718323,0.46760767698287964,Neural Network
277,0.8009259104728699,0.45292243361473083,0.7793427109718323,0.4672251343727112,Neural Network
278,0.7800925970077515,0.4764353334903717,0.7276995182037354,0.7501276135444641,Neural Network
279,0.7615740895271301,0.5012310743331909,0.8075117468833923,0.4502217769622803,Neural Network
280,0.8009259104728699,0.4661073386669159,0.7793427109718323,0.4675345718860626,Neural Network
281,0.7916666865348816,0.46390148997306824,0.7699530720710754,0.4603881537914276,Neural Network
282,0.7893518805503845,0.477499395608902,0.7652581930160522,0.5038788914680481,Neural Network
283,0.7893518805503845,0.44816988706588745,0.7887324094772339,0.45730340480804443,Neural Network
284,0.7962962985038757,0.4427766799926758,0.8122065663337708,0.44516485929489136,Neural Network
285,0.8078703880310059,0.4379567503929138,0.7793427109718323,0.46994295716285706,Neural Network
286,0.8078703880310059,0.4254206120967865,0.7605633735656738,0.47438371181488037,Neural Network
287,0.8009259104728699,0.41920599341392517,0.7934272289276123,0.4618235230445862,Neural Network
288,0.8055555820465088,0.4293026328086853,0.7840375304222107,0.501781165599823,Neural Network
289,0.7708333134651184,0.4947879910469055,0.6995305418968201,0.5936460494995117,Neural Network
290,0.7638888955116272,0.4865415692329407,0.8122065663337708,0.442528635263443,Neural Network
291,0.8078703880310059,0.42075058817863464,0.8028169274330139,0.42910927534103394,Neural Network
292,0.8125,0.4175853729248047,0.7887324094772339,0.45412468910217285,Neural Network
293,0.8078703880310059,0.42612987756729126,0.7981220483779907,0.4432659149169922,Neural Network
294,0.8287037014961243,0.4121524393558502,0.8075117468833923,0.43876880407333374,Neural Network
295,0.8009259104728699,0.4444197118282318,0.7887324094772339,0.4658726155757904,Neural Network
296,0.8101851940155029,0.4196181893348694,0.7981220483779907,0.44241437315940857,Neural Network
297,0.7893518805503845,0.4472509026527405,0.7558685541152954,0.5212793946266174,Neural Network
298,0.8171296119689941,0.4251907169818878,0.8169013857841492,0.42950600385665894,Neural Network
299,0.8078703880310059,0.43092289566993713,0.7981220483779907,0.45177897810935974,Neural Network
300,0.8055555820465088,0.43527862429618835,0.8122065663337708,0.4341787099838257,Neural Network
301,0.7962962985038757,0.44951820373535156,0.7887324094772339,0.4458047151565552,Neural Network
302,0.8171296119689941,0.4206119775772095,0.7981220483779907,0.45660504698753357,Neural Network
303,0.8009259104728699,0.4206145107746124,0.8028169274330139,0.42791980504989624,Neural Network
304,0.8171296119689941,0.41157039999961853,0.7887324094772339,0.4681704044342041,Neural Network
305,0.7939814925193787,0.4480772018432617,0.7887324094772339,0.4533097445964813,Neural Network
306,0.7986111044883728,0.44811052083969116,0.7417840361595154,0.4838455617427826,Neural Network
307,0.8055555820465088,0.42703813314437866,0.8028169274330139,0.45623448491096497,Neural Network
308,0.8078703880310059,0.4326445162296295,0.7887324094772339,0.4677024483680725,Neural Network
309,0.8171296119689941,0.421407014131546,0.8028169274330139,0.4573616683483124,Neural Network
310,0.7824074029922485,0.48171690106391907,0.7558685541152954,0.4838114380836487,Neural Network
311,0.7106481194496155,0.586146354675293,0.7605633735656738,0.5024124979972839,Neural Network
312,0.7777777910232544,0.47349441051483154,0.7652581930160522,0.4838820993900299,Neural Network
313,0.8194444179534912,0.4315517842769623,0.7981220483779907,0.4330741763114929,Neural Network
314,0.8171296119689941,0.4134385585784912,0.8028169274330139,0.4334469735622406,Neural Network
315,0.8125,0.4166967272758484,0.7887324094772339,0.45632779598236084,Neural Network
316,0.8217592835426331,0.4111725986003876,0.7840375304222107,0.447744220495224,Neural Network
317,0.8171296119689941,0.4102177321910858,0.7840375304222107,0.4705505967140198,Neural Network
318,0.8148148059844971,0.42612984776496887,0.7981220483779907,0.4426945447921753,Neural Network
319,0.7916666865348816,0.44961661100387573,0.8028169274330139,0.4500354528427124,Neural Network
320,0.8078703880310059,0.44781234860420227,0.7934272289276123,0.44895726442337036,Neural Network
321,0.8217592835426331,0.4071427583694458,0.7746478915214539,0.4793734550476074,Neural Network
322,0.8310185074806213,0.4026370942592621,0.7981220483779907,0.454599529504776,Neural Network
323,0.8101851940155029,0.4276609718799591,0.7746478915214539,0.4532596170902252,Neural Network
324,0.7939814925193787,0.4593975841999054,0.7558685541152954,0.5205255150794983,Neural Network
325,0.8101851940155029,0.4410262405872345,0.8122065663337708,0.4394129812717438,Neural Network
326,0.8125,0.41550412774086,0.8122065663337708,0.4485444724559784,Neural Network
327,0.8032407164573669,0.41937142610549927,0.7605633735656738,0.5227752923965454,Neural Network
328,0.8055555820465088,0.4363573491573334,0.8122065663337708,0.45591309666633606,Neural Network
329,0.8055555820465088,0.42362162470817566,0.7699530720710754,0.4770146906375885,Neural Network
330,0.8101851940155029,0.43754345178604126,0.7887324094772339,0.47405728697776794,Neural Network
331,0.7939814925193787,0.4446878731250763,0.7793427109718323,0.48065730929374695,Neural Network
332,0.7592592835426331,0.5003340244293213,0.7793427109718323,0.4933024048805237,Neural Network
333,0.7824074029922485,0.4616988003253937,0.7652581930160522,0.47822999954223633,Neural Network
334,0.7731481194496155,0.4653526246547699,0.7699530720710754,0.5025573968887329,Neural Network
335,0.8032407164573669,0.4260111451148987,0.7793427109718323,0.4727376401424408,Neural Network
336,0.8101851940155029,0.42501771450042725,0.7793427109718323,0.46619004011154175,Neural Network
337,0.8125,0.4211975038051605,0.7934272289276123,0.46629831194877625,Neural Network
338,0.7986111044883728,0.43973222374916077,0.7840375304222107,0.44882532954216003,Neural Network
339,0.8217592835426331,0.4045426547527313,0.8075117468833923,0.43768519163131714,Neural Network
340,0.8009259104728699,0.438175231218338,0.8122065663337708,0.4746021032333374,Neural Network
341,0.8009259104728699,0.4230775833129883,0.7934272289276123,0.4401334226131439,Neural Network
342,0.8171296119689941,0.4172380864620209,0.7840375304222107,0.43983009457588196,Neural Network
343,0.8078703880310059,0.41869667172431946,0.7746478915214539,0.4990667700767517,Neural Network
344,0.7199074029922485,0.5680277943611145,0.7746478915214539,0.45953914523124695,Neural Network
345,0.8009259104728699,0.4590871036052704,0.7840375304222107,0.45155569911003113,Neural Network
346,0.8240740895271301,0.4053221046924591,0.7981220483779907,0.4447777569293976,Neural Network
347,0.8194444179534912,0.4158775806427002,0.7840375304222107,0.4974547326564789,Neural Network
348,0.8101851940155029,0.4101920425891876,0.7934272289276123,0.4757172763347626,Neural Network
349,0.8194444179534912,0.40792205929756165,0.8169013857841492,0.43958786129951477,Neural Network
350,0.8171296119689941,0.4154987931251526,0.7934272289276123,0.4463130831718445,Neural Network
351,0.8009259104728699,0.427273154258728,0.7887324094772339,0.4619208574295044,Neural Network
352,0.8194444179534912,0.4101685881614685,0.8028169274330139,0.46508175134658813,Neural Network
353,0.8217592835426331,0.4052569568157196,0.7840375304222107,0.4558662474155426,Neural Network
354,0.8125,0.4398394227027893,0.751173734664917,0.5070543885231018,Neural Network
355,0.7800925970077515,0.45003265142440796,0.7699530720710754,0.46527358889579773,Neural Network
356,0.8148148059844971,0.4241040050983429,0.7699530720710754,0.5387399792671204,Neural Network
357,0.7523148059844971,0.5364855527877808,0.7746478915214539,0.47465384006500244,Neural Network
358,0.8055555820465088,0.43713510036468506,0.7793427109718323,0.4563692510128021,Neural Network
359,0.8240740895271301,0.4002855718135834,0.7840375304222107,0.49457940459251404,Neural Network
360,0.8240740895271301,0.4032485783100128,0.7887324094772339,0.4560660719871521,Neural Network
361,0.8009259104728699,0.4442860186100006,0.7887324094772339,0.46760913729667664,Neural Network
362,0.8055555820465088,0.41574588418006897,0.7934272289276123,0.4419686794281006,Neural Network
363,0.8171296119689941,0.40218091011047363,0.7793427109718323,0.5071060061454773,Neural Network
364,0.8032407164573669,0.44566211104393005,0.7887324094772339,0.45960235595703125,Neural Network
365,0.8240740895271301,0.40331271290779114,0.7887324094772339,0.4846782386302948,Neural Network
366,0.8194444179534912,0.3999338150024414,0.7981220483779907,0.4455419182777405,Neural Network
367,0.8217592835426331,0.4151971638202667,0.7840375304222107,0.46919140219688416,Neural Network
368,0.8171296119689941,0.41597214341163635,0.7840375304222107,0.476019024848938,Neural Network
369,0.8194444179534912,0.4113662838935852,0.7464788556098938,0.5014157891273499,Neural Network
370,0.8078703880310059,0.424892395734787,0.8122065663337708,0.446406751871109,Neural Network
371,0.8125,0.41254907846450806,0.7652581930160522,0.4937969446182251,Neural Network
372,0.8287037014961243,0.40650349855422974,0.7840375304222107,0.46897053718566895,Neural Network
373,0.8287037014961243,0.39874014258384705,0.7746478915214539,0.45912113785743713,Neural Network
374,0.8171296119689941,0.40942302346229553,0.7746478915214539,0.4789068102836609,Neural Network
375,0.8125,0.41603538393974304,0.7605633735656738,0.5011154413223267,Neural Network
376,0.8125,0.4157853424549103,0.7746478915214539,0.48981764912605286,Neural Network
377,0.8032407164573669,0.4216812551021576,0.7699530720710754,0.4661349058151245,Neural Network
378,0.8194444179534912,0.3893823027610779,0.7793427109718323,0.47152042388916016,Neural Network
379,0.8194444179534912,0.410431444644928,0.7934272289276123,0.48246288299560547,Neural Network
380,0.8217592835426331,0.41361209750175476,0.7981220483779907,0.4766998291015625,Neural Network
381,0.8263888955116272,0.40245577692985535,0.7981220483779907,0.4879261553287506,Neural Network
382,0.8333333134651184,0.3886682689189911,0.7605633735656738,0.5278188586235046,Neural Network
383,0.8125,0.41833025217056274,0.7323943376541138,0.5691300630569458,Neural Network
384,0.8194444179534912,0.40332260727882385,0.8075117468833923,0.44914665818214417,Neural Network
385,0.8263888955116272,0.4021381437778473,0.7746478915214539,0.48344913125038147,Neural Network
386,0.8287037014961243,0.39397475123405457,0.7464788556098938,0.5009652376174927,Neural Network
387,0.8356481194496155,0.40027299523353577,0.7934272289276123,0.4542628228664398,Neural Network
388,0.8148148059844971,0.4022180140018463,0.7887324094772339,0.4459746181964874,Neural Network
389,0.7916666865348816,0.4466037452220917,0.7934272289276123,0.47355830669403076,Neural Network
390,0.7939814925193787,0.44487202167510986,0.7887324094772339,0.47817155718803406,Neural Network
391,0.7939814925193787,0.4289216697216034,0.7699530720710754,0.4671296775341034,Neural Network
392,0.8217592835426331,0.40083789825439453,0.7934272289276123,0.48957058787345886,Neural Network
393,0.7615740895271301,0.4961620569229126,0.7746478915214539,0.4786323606967926,Neural Network
394,0.8194444179534912,0.4074878394603729,0.7746478915214539,0.4587014317512512,Neural Network
395,0.8310185074806213,0.394695520401001,0.8075117468833923,0.4646194875240326,Neural Network
396,0.8333333134651184,0.3873244822025299,0.7605633735656738,0.5372180938720703,Neural Network
397,0.8171296119689941,0.40429073572158813,0.8028169274330139,0.4873355031013489,Neural Network
398,0.8194444179534912,0.3992762863636017,0.7934272289276123,0.47831225395202637,Neural Network
399,0.7986111044883728,0.4437805712223053,0.7840375304222107,0.4724862277507782,Neural Network
400,0.8032407164573669,0.43169477581977844,0.7699530720710754,0.45323631167411804,Neural Network
401,0.8032407164573669,0.4122757017612457,0.7981220483779907,0.48890045285224915,Neural Network
402,0.8263888955116272,0.40261802077293396,0.7793427109718323,0.47689539194107056,Neural Network
403,0.8287037014961243,0.3962819576263428,0.7981220483779907,0.48583465814590454,Neural Network
404,0.8101851940155029,0.40877196192741394,0.7981220483779907,0.4787040948867798,Neural Network
405,0.8125,0.4274080693721771,0.7652581930160522,0.46367308497428894,Neural Network
406,0.7962962985038757,0.4379332363605499,0.7699530720710754,0.520967960357666,Neural Network
407,0.8078703880310059,0.41976457834243774,0.8122065663337708,0.45614737272262573,Neural Network
408,0.8263888955116272,0.396758496761322,0.7887324094772339,0.48081833124160767,Neural Network
409,0.8287037014961243,0.39936307072639465,0.7934272289276123,0.4560904800891876,Neural Network
410,0.8125,0.4089931547641754,0.7840375304222107,0.4605155885219574,Neural Network
411,0.8310185074806213,0.3833915889263153,0.7652581930160522,0.49601805210113525,Neural Network
412,0.7129629850387573,0.5849370360374451,0.7464788556098938,0.49012473225593567,Neural Network
413,0.7847222089767456,0.44585099816322327,0.7934272289276123,0.47049233317375183,Neural Network
414,0.8101851940155029,0.4116048216819763,0.7793427109718323,0.4519420862197876,Neural Network
415,0.7986111044883728,0.42487525939941406,0.7934272289276123,0.43124762177467346,Neural Network
416,0.8287037014961243,0.38860079646110535,0.7981220483779907,0.4431407153606415,Neural Network
417,0.8217592835426331,0.4049440026283264,0.7793427109718323,0.45753413438796997,Neural Network
418,0.8356481194496155,0.3771229386329651,0.7840375304222107,0.45621031522750854,Neural Network
419,0.8356481194496155,0.38273054361343384,0.7981220483779907,0.4612639248371124,Neural Network
420,0.8194444179534912,0.3984767198562622,0.7793427109718323,0.4737536907196045,Neural Network
421,0.8217592835426331,0.4037238359451294,0.7652581930160522,0.46918803453445435,Neural Network
422,0.8310185074806213,0.3842390179634094,0.7934272289276123,0.48163941502571106,Neural Network
423,0.7962962985038757,0.45423299074172974,0.7746478915214539,0.4744682013988495,Neural Network
424,0.8125,0.40280818939208984,0.7981220483779907,0.48385024070739746,Neural Network
425,0.8217592835426331,0.40189820528030396,0.7746478915214539,0.4614596664905548,Neural Network
426,0.8194444179534912,0.40693530440330505,0.8075117468833923,0.4721848666667938,Neural Network
427,0.8333333134651184,0.3843129575252533,0.7887324094772339,0.4610517621040344,Neural Network
428,0.8240740895271301,0.3958602249622345,0.7887324094772339,0.4676841199398041,Neural Network
429,0.8287037014961243,0.3791881501674652,0.8028169274330139,0.461114764213562,Neural Network
430,0.8310185074806213,0.3816945552825928,0.7793427109718323,0.47394612431526184,Neural Network
431,0.8333333134651184,0.37934139370918274,0.7652581930160522,0.47781673073768616,Neural Network
432,0.8055555820465088,0.4059513807296753,0.7934272289276123,0.4928032159805298,Neural Network
433,0.8148148059844971,0.41915786266326904,0.7840375304222107,0.4632858633995056,Neural Network
434,0.8055555820465088,0.4121933579444885,0.7934272289276123,0.4900951385498047,Neural Network
435,0.7916666865348816,0.43874990940093994,0.7887324094772339,0.448630690574646,Neural Network
436,0.8356481194496155,0.3789581060409546,0.7699530720710754,0.47049447894096375,Neural Network
437,0.7916666865348816,0.46749934554100037,0.7746478915214539,0.546390175819397,Neural Network
438,0.8009259104728699,0.42863956093788147,0.8028169274330139,0.4494950771331787,Neural Network
439,0.7546296119689941,0.5621580481529236,0.7417840361595154,0.4835108816623688,Neural Network
440,0.7824074029922485,0.4462401866912842,0.7699530720710754,0.46587446331977844,Neural Network
441,0.8101851940155029,0.4049827456474304,0.7605633735656738,0.4745919406414032,Neural Network
442,0.8078703880310059,0.4100816547870636,0.8075117468833923,0.43772849440574646,Neural Network
443,0.8217592835426331,0.3851393163204193,0.7887324094772339,0.45105403661727905,Neural Network
444,0.8333333134651184,0.39288902282714844,0.7934272289276123,0.45577967166900635,Neural Network
445,0.8287037014961243,0.38036227226257324,0.7840375304222107,0.4745613634586334,Neural Network
446,0.8287037014961243,0.3869342803955078,0.7934272289276123,0.4836459159851074,Neural Network
447,0.8263888955116272,0.3986455500125885,0.7746478915214539,0.4784567058086395,Neural Network
448,0.8217592835426331,0.39635029435157776,0.7699530720710754,0.4803334176540375,Neural Network
449,0.8101851940155029,0.4103318452835083,0.7746478915214539,0.4669884741306305,Neural Network
450,0.8379629850387573,0.374708890914917,0.7840375304222107,0.47554340958595276,Neural Network
451,0.8240740895271301,0.4174109995365143,0.737089216709137,0.49777597188949585,Neural Network
452,0.8032407164573669,0.43816515803337097,0.7793427109718323,0.46030351519584656,Neural Network
453,0.8310185074806213,0.38306277990341187,0.7699530720710754,0.4537053406238556,Neural Network
454,0.8287037014961243,0.3815663158893585,0.7934272289276123,0.4582984447479248,Neural Network
455,0.8263888955116272,0.3950013816356659,0.8169013857841492,0.4464874565601349,Neural Network
456,0.8194444179534912,0.40529024600982666,0.8028169274330139,0.48141422867774963,Neural Network
457,0.7754629850387573,0.476583331823349,0.8075117468833923,0.44460761547088623,Neural Network
458,0.8240740895271301,0.39958643913269043,0.7887324094772339,0.46605074405670166,Neural Network
459,0.8402777910232544,0.3851729929447174,0.7840375304222107,0.4806087613105774,Neural Network
460,0.8217592835426331,0.3829202950000763,0.8075117468833923,0.44708052277565,Neural Network
461,0.8194444179534912,0.39079025387763977,0.7840375304222107,0.5117763876914978,Neural Network
462,0.8032407164573669,0.414549857378006,0.7605633735656738,0.49625644087791443,Neural Network
463,0.8356481194496155,0.3758019208908081,0.7981220483779907,0.48111701011657715,Neural Network
464,0.7962962985038757,0.42715010046958923,0.8075117468833923,0.4793718755245209,Neural Network
465,0.8263888955116272,0.38046249747276306,0.7887324094772339,0.4668448865413666,Neural Network
466,0.8310185074806213,0.37757328152656555,0.7840375304222107,0.4766269326210022,Neural Network
467,0.8263888955116272,0.3945002257823944,0.7981220483779907,0.45222967863082886,Neural Network
468,0.8379629850387573,0.37331509590148926,0.7605633735656738,0.4833327531814575,Neural Network
469,0.8240740895271301,0.37773749232292175,0.7981220483779907,0.46577131748199463,Neural Network
470,0.8287037014961243,0.3721427619457245,0.7934272289276123,0.514462411403656,Neural Network
471,0.8055555820465088,0.4261043965816498,0.7652581930160522,0.517697274684906,Neural Network
472,0.7939814925193787,0.4522458612918854,0.7746478915214539,0.4716898202896118,Neural Network
473,0.8240740895271301,0.3866981863975525,0.7652581930160522,0.49698731303215027,Neural Network
474,0.7847222089767456,0.4697178602218628,0.7793427109718323,0.4787120819091797,Neural Network
475,0.7916666865348816,0.45339274406433105,0.7652581930160522,0.5060285329818726,Neural Network
476,0.8101851940155029,0.4191393554210663,0.7605633735656738,0.4999649226665497,Neural Network
477,0.8356481194496155,0.383810818195343,0.7605633735656738,0.4954583942890167,Neural Network
478,0.8148148059844971,0.3895292580127716,0.7840375304222107,0.47973260283470154,Neural Network
479,0.8171296119689941,0.3831581473350525,0.7699530720710754,0.4954257607460022,Neural Network
480,0.8194444179534912,0.38776370882987976,0.7793427109718323,0.4730808436870575,Neural Network
481,0.8333333134651184,0.3710571825504303,0.7746478915214539,0.5248153209686279,Neural Network
482,0.8148148059844971,0.401351660490036,0.7746478915214539,0.511793851852417,Neural Network
483,0.8101851940155029,0.4021649956703186,0.7793427109718323,0.4687831997871399,Neural Network
484,0.7106481194496155,0.5784316658973694,0.751173734664917,0.5200541615486145,Neural Network
485,0.7569444179534912,0.49908632040023804,0.7183098793029785,0.5611162185668945,Neural Network
486,0.7569444179534912,0.48591047525405884,0.7793427109718323,0.4904320538043976,Neural Network
487,0.8194444179534912,0.40299108624458313,0.7652581930160522,0.48896530270576477,Neural Network
488,0.8217592835426331,0.39928382635116577,0.7887324094772339,0.4811171889305115,Neural Network
489,0.8148148059844971,0.4060911238193512,0.751173734664917,0.5407810807228088,Neural Network
490,0.8055555820465088,0.4354967772960663,0.7699530720710754,0.4683587849140167,Neural Network
491,0.8194444179534912,0.40417245030403137,0.7840375304222107,0.4645041227340698,Neural Network
492,0.8310185074806213,0.3808763027191162,0.7840375304222107,0.47526147961616516,Neural Network
493,0.8240740895271301,0.3873950242996216,0.8028169274330139,0.48820436000823975,Neural Network
494,0.8287037014961243,0.37251055240631104,0.7793427109718323,0.47723597288131714,Neural Network
495,0.8263888955116272,0.3720581829547882,0.7887324094772339,0.4616248607635498,Neural Network
496,0.8171296119689941,0.3876848816871643,0.7934272289276123,0.5037065148353577,Neural Network
497,0.7939814925193787,0.427421897649765,0.7981220483779907,0.4666235148906708,Neural Network
498,0.8101851940155029,0.40094950795173645,0.7652581930160522,0.47132372856140137,Neural Network
499,0.8194444179534912,0.3999936878681183,0.7605633735656738,0.4567340016365051,Neural Network
500,0.8194444179534912,0.39952099323272705,0.7840375304222107,0.47575491666793823,Neural Network
501,0.7893518805503845,0.45563235878944397,0.7230046987533569,0.526322066783905,Neural Network
502,0.8148148059844971,0.40564772486686707,0.7746478915214539,0.4906316101551056,Neural Network
503,0.8240740895271301,0.3796720802783966,0.7746478915214539,0.47656965255737305,Neural Network
504,0.8217592835426331,0.38383957743644714,0.7652581930160522,0.4639832377433777,Neural Network
505,0.8449074029922485,0.3695741891860962,0.7840375304222107,0.4919864535331726,Neural Network
506,0.8194444179534912,0.38355308771133423,0.7746478915214539,0.492217093706131,Neural Network
507,0.8333333134651184,0.3793267011642456,0.7887324094772339,0.47486990690231323,Neural Network
508,0.8287037014961243,0.3763349652290344,0.7887324094772339,0.4943467676639557,Neural Network
509,0.8217592835426331,0.39141905307769775,0.8028169274330139,0.4669623076915741,Neural Network
510,0.8101851940155029,0.435525506734848,0.7840375304222107,0.4542475640773773,Neural Network
511,0.8310185074806213,0.3750770092010498,0.7652581930160522,0.47076475620269775,Neural Network
512,0.8310185074806213,0.3728419840335846,0.7652581930160522,0.4898695647716522,Neural Network
513,0.8310185074806213,0.38633695244789124,0.7746478915214539,0.4642552137374878,Neural Network
514,0.8125,0.3931724727153778,0.7652581930160522,0.4971836507320404,Neural Network
515,0.8333333134651184,0.3666078746318817,0.7887324094772339,0.4665568470954895,Neural Network
516,0.8194444179534912,0.38086873292922974,0.7887324094772339,0.49741998314857483,Neural Network
517,0.8287037014961243,0.3716942071914673,0.8028169274330139,0.48970311880111694,Neural Network
518,0.8101851940155029,0.3861214220523834,0.7793427109718323,0.4819374978542328,Neural Network
519,0.8240740895271301,0.3725697696208954,0.7934272289276123,0.5017643570899963,Neural Network
520,0.7754629850387573,0.4678332805633545,0.7887324094772339,0.4770669639110565,Neural Network
521,0.8171296119689941,0.40090125799179077,0.7699530720710754,0.4956601858139038,Neural Network
522,0.8078703880310059,0.43438324332237244,0.7793427109718323,0.50827556848526,Neural Network
523,0.8125,0.397019624710083,0.7699530720710754,0.4668892025947571,Neural Network
524,0.8171296119689941,0.38129737973213196,0.7840375304222107,0.467207133769989,Neural Network
525,0.8263888955116272,0.37369439005851746,0.7793427109718323,0.5042118430137634,Neural Network
526,0.8333333134651184,0.36804187297821045,0.7887324094772339,0.4948388338088989,Neural Network
527,0.8333333134651184,0.3687344193458557,0.7934272289276123,0.5122085213661194,Neural Network
528,0.8032407164573669,0.4075608551502228,0.7699530720710754,0.5224920511245728,Neural Network
529,0.8287037014961243,0.37748780846595764,0.7793427109718323,0.49320468306541443,Neural Network
530,0.8310185074806213,0.3726915717124939,0.7699530720710754,0.48422545194625854,Neural Network
531,0.8287037014961243,0.38458940386772156,0.7887324094772339,0.4926823377609253,Neural Network
532,0.8287037014961243,0.36648833751678467,0.7746478915214539,0.4830617308616638,Neural Network
533,0.8518518805503845,0.349364697933197,0.7934272289276123,0.49593454599380493,Neural Network
534,0.8217592835426331,0.3995223641395569,0.7887324094772339,0.5170919895172119,Neural Network
535,0.8263888955116272,0.36995574831962585,0.7793427109718323,0.5254998803138733,Neural Network
536,0.8148148059844971,0.3872871398925781,0.7934272289276123,0.5276381969451904,Neural Network
537,0.7800925970077515,0.4448587894439697,0.7793427109718323,0.4846169054508209,Neural Network
538,0.8287037014961243,0.3759297728538513,0.7605633735656738,0.4996792674064636,Neural Network
539,0.8125,0.4001004993915558,0.7605633735656738,0.4766238331794739,Neural Network
540,0.8425925970077515,0.36579030752182007,0.7840375304222107,0.49233973026275635,Neural Network
541,0.8217592835426331,0.38725629448890686,0.7417840361595154,0.5703799724578857,Neural Network
542,0.8078703880310059,0.405337393283844,0.7840375304222107,0.4928640127182007,Neural Network
543,0.8263888955116272,0.36509382724761963,0.7605633735656738,0.4896862804889679,Neural Network
544,0.8263888955116272,0.36369115114212036,0.7887324094772339,0.49968788027763367,Neural Network
545,0.8171296119689941,0.38310179114341736,0.8075117468833923,0.4845190942287445,Neural Network
546,0.8287037014961243,0.3684060573577881,0.7746478915214539,0.5393134951591492,Neural Network
547,0.8171296119689941,0.4093732535839081,0.7793427109718323,0.4998084008693695,Neural Network
548,0.8287037014961243,0.35855352878570557,0.7840375304222107,0.5354214906692505,Neural Network
549,0.8240740895271301,0.36600011587142944,0.7417840361595154,0.5428411364555359,Neural Network
550,0.8240740895271301,0.374092698097229,0.7934272289276123,0.5292101502418518,Neural Network
551,0.8055555820465088,0.4049302339553833,0.7746478915214539,0.5096185207366943,Neural Network
552,0.8379629850387573,0.36382538080215454,0.7699530720710754,0.47512131929397583,Neural Network
553,0.8287037014961243,0.37068334221839905,0.7746478915214539,0.5216150879859924,Neural Network
554,0.8194444179534912,0.37848231196403503,0.7887324094772339,0.5189629793167114,Neural Network
555,0.8171296119689941,0.39277055859565735,0.7934272289276123,0.5094802975654602,Neural Network
556,0.8379629850387573,0.3612329959869385,0.8028169274330139,0.5062798261642456,Neural Network
557,0.8055555820465088,0.4232787787914276,0.7746478915214539,0.5017980933189392,Neural Network
558,0.8078703880310059,0.43832194805145264,0.7887324094772339,0.48158133029937744,Neural Network
559,0.8333333134651184,0.3604353666305542,0.7746478915214539,0.494795560836792,Neural Network
560,0.8379629850387573,0.35511040687561035,0.7840375304222107,0.5058976411819458,Neural Network
561,0.8425925970077515,0.35587719082832336,0.7605633735656738,0.5181012749671936,Neural Network
562,0.8356481194496155,0.37356841564178467,0.7746478915214539,0.5191319584846497,Neural Network
563,0.8240740895271301,0.3774583637714386,0.7840375304222107,0.5051776170730591,Neural Network
564,0.8032407164573669,0.40056225657463074,0.7934272289276123,0.5058151483535767,Neural Network
565,0.8310185074806213,0.36080318689346313,0.7840375304222107,0.5535364747047424,Neural Network
566,0.8078703880310059,0.3933401107788086,0.7605633735656738,0.5423828959465027,Neural Network
567,0.7870370149612427,0.46025708317756653,0.7934272289276123,0.48640620708465576,Neural Network
568,0.8171296119689941,0.4120759665966034,0.7887324094772339,0.510596752166748,Neural Network
569,0.7800925970077515,0.466797411441803,0.7558685541152954,0.5299561619758606,Neural Network
570,0.8171296119689941,0.3952338993549347,0.7840375304222107,0.4641042947769165,Neural Network
571,0.8287037014961243,0.377824991941452,0.751173734664917,0.504503071308136,Neural Network
572,0.8078703880310059,0.38567548990249634,0.7699530720710754,0.4832959473133087,Neural Network
573,0.8263888955116272,0.37374186515808105,0.7464788556098938,0.49223682284355164,Neural Network
574,0.8402777910232544,0.3502920866012573,0.7605633735656738,0.48578572273254395,Neural Network
575,0.8449074029922485,0.3541361391544342,0.7746478915214539,0.5009825825691223,Neural Network
576,0.8379629850387573,0.3640899360179901,0.7840375304222107,0.500028133392334,Neural Network
577,0.8194444179534912,0.383530855178833,0.7699530720710754,0.5094223618507385,Neural Network
578,0.8310185074806213,0.36402466893196106,0.7840375304222107,0.522280752658844,Neural Network
579,0.8379629850387573,0.36633992195129395,0.7934272289276123,0.5367386341094971,Neural Network
580,0.8217592835426331,0.35392165184020996,0.7934272289276123,0.5104602575302124,Neural Network
581,0.8078703880310059,0.4133402407169342,0.7934272289276123,0.4895598292350769,Neural Network
582,0.8217592835426331,0.382490336894989,0.7934272289276123,0.5144148468971252,Neural Network
583,0.8263888955116272,0.37572231888771057,0.7887324094772339,0.4667356610298157,Neural Network
584,0.7916666865348816,0.4372648000717163,0.7840375304222107,0.49046969413757324,Neural Network
585,0.8217592835426331,0.37234511971473694,0.7840375304222107,0.48894017934799194,Neural Network
586,0.8310185074806213,0.3758855164051056,0.7887324094772339,0.4676666855812073,Neural Network
587,0.8148148059844971,0.37530747056007385,0.7558685541152954,0.5039855241775513,Neural Network
588,0.7777777910232544,0.4623977839946747,0.7981220483779907,0.5232290625572205,Neural Network
589,0.8101851940155029,0.38743987679481506,0.7793427109718323,0.4792718291282654,Neural Network
590,0.8310185074806213,0.36435407400131226,0.7699530720710754,0.49712657928466797,Neural Network
591,0.8055555820465088,0.37940794229507446,0.7699530720710754,0.5244992971420288,Neural Network
592,0.8217592835426331,0.37552952766418457,0.7652581930160522,0.4984523355960846,Neural Network
593,0.8425925970077515,0.3392537534236908,0.7699530720710754,0.5238710641860962,Neural Network
594,0.8263888955116272,0.36337122321128845,0.751173734664917,0.5310091376304626,Neural Network
595,0.8194444179534912,0.37209829688072205,0.7840375304222107,0.49996519088745117,Neural Network
596,0.8217592835426331,0.3751945197582245,0.7652581930160522,0.5519183278083801,Neural Network
597,0.8148148059844971,0.3662833869457245,0.7887324094772339,0.5354712009429932,Neural Network
598,0.8310185074806213,0.3479682505130768,0.7746478915214539,0.5027278661727905,Neural Network
599,0.8240740895271301,0.34997934103012085,0.7793427109718323,0.5590454339981079,Neural Network
600,0.8356481194496155,0.3523663282394409,0.7840375304222107,0.5592837333679199,Neural Network
601,0.8402777910232544,0.34615689516067505,0.751173734664917,0.6099022626876831,Neural Network
602,0.8333333134651184,0.354035884141922,0.7840375304222107,0.563814640045166,Neural Network
603,0.7939814925193787,0.4363534450531006,0.7840375304222107,0.5007450580596924,Neural Network
604,0.8425925970077515,0.3454996347427368,0.7840375304222107,0.5609325766563416,Neural Network
605,0.8287037014961243,0.3605297803878784,0.7746478915214539,0.5747768878936768,Neural Network
606,0.8263888955116272,0.3675798177719116,0.7887324094772339,0.5216780304908752,Neural Network
607,0.8356481194496155,0.3461780548095703,0.751173734664917,0.5879157781600952,Neural Network
608,0.8055555820465088,0.42574647068977356,0.751173734664917,0.4864434003829956,Neural Network
609,0.8055555820465088,0.4173414707183838,0.7840375304222107,0.4791155159473419,Neural Network
610,0.8171296119689941,0.3699970543384552,0.7887324094772339,0.5088586807250977,Neural Network
611,0.8217592835426331,0.3773961365222931,0.7934272289276123,0.497962087392807,Neural Network
612,0.8217592835426331,0.3598700761795044,0.7887324094772339,0.5143945813179016,Neural Network
613,0.8379629850387573,0.37196338176727295,0.7793427109718323,0.4980542063713074,Neural Network
614,0.8333333134651184,0.34823742508888245,0.7558685541152954,0.4794309139251709,Neural Network
615,0.8240740895271301,0.3757505714893341,0.7652581930160522,0.4953421652317047,Neural Network
616,0.7916666865348816,0.44713208079338074,0.7746478915214539,0.5014351010322571,Neural Network
617,0.8101851940155029,0.3950174152851105,0.7887324094772339,0.4839755892753601,Neural Network
618,0.8287037014961243,0.3587755858898163,0.7746478915214539,0.5065615773200989,Neural Network
619,0.8310185074806213,0.36866042017936707,0.7793427109718323,0.4668382704257965,Neural Network
620,0.7916666865348816,0.4351312220096588,0.7887324094772339,0.4915502369403839,Neural Network
621,0.7986111044883728,0.4419354200363159,0.7887324094772339,0.46537092328071594,Neural Network
622,0.8101851940155029,0.41967853903770447,0.751173734664917,0.5708615183830261,Neural Network
623,0.8125,0.42193835973739624,0.7887324094772339,0.5184813141822815,Neural Network
624,0.8263888955116272,0.37208423018455505,0.8028169274330139,0.4778217673301697,Neural Network
625,0.8356481194496155,0.35432758927345276,0.7887324094772339,0.5114545226097107,Neural Network
626,0.8310185074806213,0.3476460874080658,0.7558685541152954,0.5026868581771851,Neural Network
627,0.8472222089767456,0.34307971596717834,0.7746478915214539,0.5050351619720459,Neural Network
628,0.8333333134651184,0.34516963362693787,0.7652581930160522,0.5006143450737,Neural Network
629,0.8425925970077515,0.34713661670684814,0.7793427109718323,0.530177652835846,Neural Network
630,0.8171296119689941,0.38111668825149536,0.7558685541152954,0.5380978584289551,Neural Network
631,0.8171296119689941,0.3685798645019531,0.7793427109718323,0.5243281126022339,Neural Network
632,0.8425925970077515,0.3451206386089325,0.7793427109718323,0.5613137483596802,Neural Network
633,0.8194444179534912,0.3707587718963623,0.7793427109718323,0.5558502078056335,Neural Network
634,0.8217592835426331,0.3789418041706085,0.7840375304222107,0.49330195784568787,Neural Network
635,0.7685185074806213,0.4861154556274414,0.7699530720710754,0.554902195930481,Neural Network
636,0.8217592835426331,0.3658287823200226,0.7840375304222107,0.556610107421875,Neural Network
637,0.8240740895271301,0.37457582354545593,0.7887324094772339,0.5267490744590759,Neural Network
638,0.7939814925193787,0.41150665283203125,0.7746478915214539,0.5042216777801514,Neural Network
639,0.8194444179534912,0.3880535066127777,0.7840375304222107,0.48361968994140625,Neural Network
640,0.8310185074806213,0.3431803286075592,0.7793427109718323,0.5208257436752319,Neural Network
641,0.8263888955116272,0.35275229811668396,0.7840375304222107,0.5482184290885925,Neural Network
642,0.8125,0.3834846317768097,0.7793427109718323,0.5722483992576599,Neural Network
643,0.8263888955116272,0.36804214119911194,0.7558685541152954,0.5496751070022583,Neural Network
644,0.8379629850387573,0.3491191565990448,0.7887324094772339,0.5344986915588379,Neural Network
645,0.8287037014961243,0.35085055232048035,0.7934272289276123,0.6172114014625549,Neural Network
646,0.8310185074806213,0.36292630434036255,0.7652581930160522,0.6035815477371216,Neural Network
647,0.8240740895271301,0.3682442903518677,0.7840375304222107,0.5984730124473572,Neural Network
648,0.8379629850387573,0.35128769278526306,0.7793427109718323,0.5233432650566101,Neural Network
649,0.7962962985038757,0.42259520292282104,0.7699530720710754,0.5366647839546204,Neural Network
650,0.8240740895271301,0.38222089409828186,0.7887324094772339,0.5510331392288208,Neural Network
651,0.8101851940155029,0.39547765254974365,0.7840375304222107,0.5583164691925049,Neural Network
652,0.8171296119689941,0.36927276849746704,0.7887324094772339,0.5270794630050659,Neural Network
653,0.8148148059844971,0.4126688241958618,0.7840375304222107,0.49163109064102173,Neural Network
654,0.8425925970077515,0.3476094901561737,0.7793427109718323,0.4893191456794739,Neural Network
655,0.8402777910232544,0.3508716821670532,0.7793427109718323,0.4895137846469879,Neural Network
656,0.8310185074806213,0.3402867913246155,0.7840375304222107,0.549026370048523,Neural Network
657,0.8055555820465088,0.46053120493888855,0.7887324094772339,0.4639946520328522,Neural Network
658,0.8356481194496155,0.33980533480644226,0.7887324094772339,0.5111253261566162,Neural Network
659,0.8449074029922485,0.3313741087913513,0.7793427109718323,0.5231971144676208,Neural Network
660,0.8310185074806213,0.3436935842037201,0.737089216709137,0.5812469124794006,Neural Network
661,0.8194444179534912,0.36483001708984375,0.7793427109718323,0.5702927708625793,Neural Network
662,0.8171296119689941,0.3647022247314453,0.7699530720710754,0.5620361566543579,Neural Network
663,0.8379629850387573,0.34540465474128723,0.7746478915214539,0.5212125778198242,Neural Network
664,0.8217592835426331,0.3465803861618042,0.7464788556098938,0.5425570607185364,Neural Network
665,0.8402777910232544,0.3420356810092926,0.737089216709137,0.5614913105964661,Neural Network
666,0.7893518805503845,0.45263856649398804,0.7230046987533569,0.6659722328186035,Neural Network
667,0.8263888955116272,0.39096927642822266,0.7793427109718323,0.5194613933563232,Neural Network
668,0.8379629850387573,0.34946340322494507,0.7793427109718323,0.5393032431602478,Neural Network
669,0.8287037014961243,0.35827547311782837,0.7793427109718323,0.5317062735557556,Neural Network
670,0.8194444179534912,0.38644373416900635,0.7746478915214539,0.5590847134590149,Neural Network
671,0.8356481194496155,0.3430887460708618,0.7793427109718323,0.5084783434867859,Neural Network
672,0.8356481194496155,0.3492547273635864,0.7934272289276123,0.5304694771766663,Neural Network
673,0.8379629850387573,0.345080703496933,0.7699530720710754,0.489154577255249,Neural Network
674,0.8425925970077515,0.3360050618648529,0.7605633735656738,0.5624114871025085,Neural Network
675,0.8449074029922485,0.33469539880752563,0.7840375304222107,0.5589202642440796,Neural Network
676,0.8217592835426331,0.3593755066394806,0.7652581930160522,0.5867176055908203,Neural Network
677,0.8287037014961243,0.33952125906944275,0.7887324094772339,0.5799133777618408,Neural Network
678,0.8333333134651184,0.33193525671958923,0.7699530720710754,0.5562684535980225,Neural Network
679,0.8310185074806213,0.33756422996520996,0.7464788556098938,0.612083911895752,Neural Network
680,0.8217592835426331,0.3625001311302185,0.7746478915214539,0.5497355461120605,Neural Network
681,0.8310185074806213,0.3466300666332245,0.751173734664917,0.5557204484939575,Neural Network
682,0.8379629850387573,0.3438751995563507,0.7746478915214539,0.5853085517883301,Neural Network
683,0.8148148059844971,0.37593385577201843,0.737089216709137,0.6110491752624512,Neural Network
684,0.8171296119689941,0.38375088572502136,0.7840375304222107,0.4925508201122284,Neural Network
685,0.8125,0.37592604756355286,0.7840375304222107,0.498893678188324,Neural Network
686,0.8240740895271301,0.3632739782333374,0.7793427109718323,0.5308311581611633,Neural Network
687,0.8356481194496155,0.3405342698097229,0.7793427109718323,0.6192123889923096,Neural Network
688,0.8287037014961243,0.3552566468715668,0.7746478915214539,0.537446916103363,Neural Network
689,0.8333333134651184,0.3398444950580597,0.7793427109718323,0.5509138703346252,Neural Network
690,0.8333333134651184,0.34083864092826843,0.7793427109718323,0.5494731664657593,Neural Network
691,0.8356481194496155,0.3310447633266449,0.7605633735656738,0.5752512216567993,Neural Network
692,0.8449074029922485,0.3317809998989105,0.7605633735656738,0.5365338921546936,Neural Network
693,0.8333333134651184,0.34151673316955566,0.7652581930160522,0.5866297483444214,Neural Network
694,0.8402777910232544,0.3320870101451874,0.7981220483779907,0.5507108569145203,Neural Network
695,0.8125,0.40957584977149963,0.7840375304222107,0.5138005018234253,Neural Network
696,0.7986111044883728,0.4099952280521393,0.6244131326675415,1.0126659870147705,Neural Network
697,0.7337962985038757,0.6079481840133667,0.7605633735656738,0.5330933928489685,Neural Network
698,0.8171296119689941,0.4326663613319397,0.7558685541152954,0.5277466773986816,Neural Network
699,0.8402777910232544,0.37192302942276,0.7746478915214539,0.5116109251976013,Neural Network
700,0.8310185074806213,0.34928086400032043,0.7840375304222107,0.552611231803894,Neural Network
701,0.8333333134651184,0.3533252477645874,0.7652581930160522,0.5211966037750244,Neural Network
702,0.8055555820465088,0.3639107048511505,0.7746478915214539,0.5556246638298035,Neural Network
703,0.8333333134651184,0.3374522924423218,0.7840375304222107,0.5762715935707092,Neural Network
704,0.8333333134651184,0.3469087779521942,0.7746478915214539,0.5577852725982666,Neural Network
705,0.8240740895271301,0.3629080355167389,0.7323943376541138,0.5918665528297424,Neural Network
706,0.8194444179534912,0.3521829843521118,0.7887324094772339,0.5833866000175476,Neural Network
707,0.8240740895271301,0.3658844530582428,0.7887324094772339,0.5538614988327026,Neural Network
708,0.7754629850387573,0.49288710951805115,0.7746478915214539,0.5373553037643433,Neural Network
709,0.8171296119689941,0.3674119710922241,0.7840375304222107,0.5581222772598267,Neural Network
710,0.8171296119689941,0.35241755843162537,0.7746478915214539,0.5043501853942871,Neural Network
711,0.8333333134651184,0.34152501821517944,0.7746478915214539,0.6072502136230469,Neural Network
712,0.8356481194496155,0.3380701541900635,0.7699530720710754,0.567308783531189,Neural Network
713,0.8356481194496155,0.3333641290664673,0.7793427109718323,0.5108798742294312,Neural Network
714,0.8425925970077515,0.3531361222267151,0.7793427109718323,0.5756977200508118,Neural Network
715,0.8194444179534912,0.38078418374061584,0.7699530720710754,0.6003686189651489,Neural Network
716,0.8449074029922485,0.33857330679893494,0.7793427109718323,0.5793491005897522,Neural Network
717,0.8425925970077515,0.3224576413631439,0.7840375304222107,0.5423443913459778,Neural Network
718,0.8356481194496155,0.33829715847969055,0.7558685541152954,0.5418641567230225,Neural Network
719,0.8356481194496155,0.3352348506450653,0.7887324094772339,0.5826151967048645,Neural Network
720,0.8356481194496155,0.3329048156738281,0.7887324094772339,0.6040852665901184,Neural Network
721,0.8240740895271301,0.3574106991291046,0.7699530720710754,0.5236514806747437,Neural Network
722,0.8310185074806213,0.3633434772491455,0.7699530720710754,0.5345252752304077,Neural Network
723,0.8310185074806213,0.3523285388946533,0.7605633735656738,0.5087305903434753,Neural Network
724,0.8333333134651184,0.343629390001297,0.7887324094772339,0.6256585121154785,Neural Network
725,0.8449074029922485,0.3267589807510376,0.7793427109718323,0.5871159434318542,Neural Network
726,0.8287037014961243,0.3397955596446991,0.7793427109718323,0.5969690084457397,Neural Network
727,0.8217592835426331,0.39120176434516907,0.7652581930160522,0.584858775138855,Neural Network
728,0.7962962985038757,0.4103238880634308,0.7605633735656738,0.609599232673645,Neural Network
729,0.8217592835426331,0.3645041882991791,0.7840375304222107,0.565100371837616,Neural Network
730,0.8310185074806213,0.3641793727874756,0.7887324094772339,0.5715214610099792,Neural Network
731,0.8310185074806213,0.3280371129512787,0.7887324094772339,0.5087405443191528,Neural Network
732,0.8240740895271301,0.3929803669452667,0.7605633735656738,0.5890519022941589,Neural Network
733,0.8240740895271301,0.34780967235565186,0.7746478915214539,0.5645273327827454,Neural Network
734,0.8356481194496155,0.34843680262565613,0.751173734664917,0.5454131960868835,Neural Network
735,0.8379629850387573,0.3373171389102936,0.7793427109718323,0.6023203730583191,Neural Network
736,0.8333333134651184,0.3321775794029236,0.7934272289276123,0.5513244271278381,Neural Network
737,0.8333333134651184,0.34470468759536743,0.7558685541152954,0.5358647704124451,Neural Network
738,0.8148148059844971,0.39593490958213806,0.7652581930160522,0.6467512249946594,Neural Network
739,0.8263888955116272,0.37974339723587036,0.7746478915214539,0.6889570355415344,Neural Network
740,0.8217592835426331,0.3995339572429657,0.7464788556098938,0.5922582745552063,Neural Network
741,0.8287037014961243,0.3491542637348175,0.7887324094772339,0.5362116098403931,Neural Network
742,0.8356481194496155,0.332485169172287,0.7605633735656738,0.5875529050827026,Neural Network
743,0.7847222089767456,0.4610218405723572,0.8122065663337708,0.5508674383163452,Neural Network
744,0.8356481194496155,0.4007275402545929,0.7887324094772339,0.49025100469589233,Neural Network
745,0.8240740895271301,0.35989075899124146,0.7558685541152954,0.5388802289962769,Neural Network
746,0.8310185074806213,0.33952125906944275,0.7887324094772339,0.5909297466278076,Neural Network
747,0.8425925970077515,0.3285861313343048,0.7652581930160522,0.5210343599319458,Neural Network
748,0.7986111044883728,0.39337196946144104,0.7793427109718323,0.6082472801208496,Neural Network
749,0.8194444179534912,0.3626285791397095,0.7793427109718323,0.5630978941917419,Neural Network
750,0.8310185074806213,0.3557262420654297,0.7699530720710754,0.5349297523498535,Neural Network
751,0.8425925970077515,0.3218376636505127,0.7558685541152954,0.5460636019706726,Neural Network
752,0.8449074029922485,0.3218642771244049,0.7793427109718323,0.596747100353241,Neural Network
753,0.8425925970077515,0.3344288468360901,0.7605633735656738,0.5203077793121338,Neural Network
754,0.8333333134651184,0.33869585394859314,0.7746478915214539,0.5527552366256714,Neural Network
755,0.8240740895271301,0.3663274049758911,0.7793427109718323,0.5668683648109436,Neural Network
756,0.8333333134651184,0.36139971017837524,0.7793427109718323,0.5861407518386841,Neural Network
757,0.8449074029922485,0.3348694145679474,0.751173734664917,0.5682475566864014,Neural Network
758,0.8333333134651184,0.34150606393814087,0.7887324094772339,0.5386243462562561,Neural Network
759,0.8240740895271301,0.35527995228767395,0.7793427109718323,0.5853866934776306,Neural Network
760,0.8171296119689941,0.3709707260131836,0.7840375304222107,0.5365030169487,Neural Network
761,0.8449074029922485,0.3164299726486206,0.7558685541152954,0.5327450633049011,Neural Network
762,0.8287037014961243,0.32499369978904724,0.7746478915214539,0.5705769658088684,Neural Network
763,0.8425925970077515,0.3403797149658203,0.7746478915214539,0.5310211777687073,Neural Network
764,0.8287037014961243,0.34590181708335876,0.7558685541152954,0.560411810874939,Neural Network
765,0.8402777910232544,0.329689085483551,0.751173734664917,0.5494431853294373,Neural Network
766,0.8518518805503845,0.3180537521839142,0.751173734664917,0.61711585521698,Neural Network
767,0.7546296119689941,0.5461370944976807,0.7746478915214539,0.5424143075942993,Neural Network
768,0.8148148059844971,0.3881095349788666,0.7323943376541138,0.60262531042099,Neural Network
769,0.8217592835426331,0.3598589301109314,0.7887324094772339,0.5200496315956116,Neural Network
770,0.8333333134651184,0.33005958795547485,0.7746478915214539,0.5886302590370178,Neural Network
771,0.8379629850387573,0.3329434096813202,0.7746478915214539,0.5358512997627258,Neural Network
772,0.8425925970077515,0.32867544889450073,0.7981220483779907,0.5346143245697021,Neural Network
773,0.8217592835426331,0.4044012725353241,0.7934272289276123,0.5747138857841492,Neural Network
774,0.8263888955116272,0.37345364689826965,0.7558685541152954,0.5491795539855957,Neural Network
775,0.8240740895271301,0.34363284707069397,0.7699530720710754,0.5391873717308044,Neural Network
776,0.8402777910232544,0.3266354203224182,0.7793427109718323,0.6293571591377258,Neural Network
777,0.8402777910232544,0.3289947211742401,0.7699530720710754,0.5836944580078125,Neural Network
778,0.8287037014961243,0.3632342517375946,0.751173734664917,0.6091155409812927,Neural Network
779,0.8333333134651184,0.3703884780406952,0.7699530720710754,0.5239750146865845,Neural Network
780,0.8240740895271301,0.34761902689933777,0.7605633735656738,0.5403800010681152,Neural Network
781,0.8356481194496155,0.33157989382743835,0.7276995182037354,0.6338926553726196,Neural Network
782,0.8240740895271301,0.3635791838169098,0.7793427109718323,0.4891412854194641,Neural Network
783,0.8310185074806213,0.3484809696674347,0.7840375304222107,0.5529230237007141,Neural Network
784,0.8148148059844971,0.3628019094467163,0.7746478915214539,0.558610737323761,Neural Network
785,0.8379629850387573,0.33160021901130676,0.7840375304222107,0.572845995426178,Neural Network
786,0.8148148059844971,0.3774099349975586,0.7417840361595154,0.5593973994255066,Neural Network
787,0.8495370149612427,0.31969013810157776,0.7793427109718323,0.5907912254333496,Neural Network
788,0.8287037014961243,0.3295463025569916,0.7934272289276123,0.5618303418159485,Neural Network
789,0.8333333134651184,0.3330484628677368,0.7746478915214539,0.6073458790779114,Neural Network
790,0.8240740895271301,0.3630792796611786,0.7793427109718323,0.5372530221939087,Neural Network
791,0.8379629850387573,0.3188396990299225,0.7793427109718323,0.6008423566818237,Neural Network
792,0.8356481194496155,0.31990769505500793,0.7887324094772339,0.5670390725135803,Neural Network
793,0.8078703880310059,0.3856128454208374,0.7840375304222107,0.5619609355926514,Neural Network
794,0.8379629850387573,0.33354097604751587,0.7323943376541138,0.5743160843849182,Neural Network
795,0.8379629850387573,0.33090248703956604,0.7887324094772339,0.5737770199775696,Neural Network
796,0.8333333134651184,0.3169528543949127,0.7887324094772339,0.6009617447853088,Neural Network
797,0.8402777910232544,0.3200961649417877,0.7746478915214539,0.6324771046638489,Neural Network
798,0.8472222089767456,0.32570916414260864,0.7840375304222107,0.5548107028007507,Neural Network
799,0.8333333134651184,0.36497318744659424,0.7605633735656738,0.5526124238967896,Neural Network
800,0.8425925970077515,0.32457125186920166,0.7746478915214539,0.5683133006095886,Neural Network
801,0.8263888955116272,0.3353954553604126,0.7276995182037354,0.7067571878433228,Neural Network
802,0.8125,0.3516092002391815,0.7840375304222107,0.622133195400238,Neural Network
803,0.8425925970077515,0.33135464787483215,0.7652581930160522,0.5792765617370605,Neural Network
804,0.8379629850387573,0.33746302127838135,0.7699530720710754,0.6044957637786865,Neural Network
805,0.8449074029922485,0.3153802156448364,0.7558685541152954,0.5591160655021667,Neural Network
806,0.8287037014961243,0.3421908915042877,0.7746478915214539,0.5799950361251831,Neural Network
807,0.7870370149612427,0.4613857865333557,0.7652581930160522,0.6193207502365112,Neural Network
808,0.8263888955116272,0.3845457434654236,0.7746478915214539,0.5429736375808716,Neural Network
809,0.8310185074806213,0.33894550800323486,0.7558685541152954,0.6036381125450134,Neural Network
810,0.8194444179534912,0.36707553267478943,0.7887324094772339,0.5654566287994385,Neural Network
811,0.8333333134651184,0.3545234203338623,0.7793427109718323,0.5265828967094421,Neural Network
812,0.8402777910232544,0.31738877296447754,0.7652581930160522,0.5440778136253357,Neural Network
813,0.8379629850387573,0.32181453704833984,0.7840375304222107,0.5414109230041504,Neural Network
814,0.8402777910232544,0.31578537821769714,0.7699530720710754,0.5898471474647522,Neural Network
815,0.8333333134651184,0.33349868655204773,0.7934272289276123,0.5471331477165222,Neural Network
816,0.8425925970077515,0.33443376421928406,0.7840375304222107,0.5919026732444763,Neural Network
817,0.8333333134651184,0.3404996395111084,0.7887324094772339,0.5362430810928345,Neural Network
818,0.8379629850387573,0.32154491543769836,0.7840375304222107,0.5361256003379822,Neural Network
819,0.8333333134651184,0.33070695400238037,0.7746478915214539,0.5972647666931152,Neural Network
820,0.8472222089767456,0.3046175539493561,0.7840375304222107,0.533735990524292,Neural Network
821,0.8310185074806213,0.3454250693321228,0.7840375304222107,0.5967649817466736,Neural Network
822,0.8240740895271301,0.3859751224517822,0.7981220483779907,0.46820488572120667,Neural Network
823,0.8287037014961243,0.3651772737503052,0.7793427109718323,0.566434383392334,Neural Network
824,0.8333333134651184,0.3407781422138214,0.7840375304222107,0.6455454230308533,Neural Network
825,0.8379629850387573,0.34677356481552124,0.7699530720710754,0.5449095368385315,Neural Network
826,0.8333333134651184,0.3374403417110443,0.7887324094772339,0.5893548130989075,Neural Network
827,0.8148148059844971,0.3823796808719635,0.7558685541152954,0.7467778325080872,Neural Network
828,0.8032407164573669,0.486068993806839,0.7183098793029785,0.5722584128379822,Neural Network
829,0.8425925970077515,0.3418066203594208,0.7793427109718323,0.5556439757347107,Neural Network
830,0.8449074029922485,0.3181629776954651,0.7934272289276123,0.5914751291275024,Neural Network
831,0.8402777910232544,0.333452433347702,0.7887324094772339,0.5816380381584167,Neural Network
832,0.8402777910232544,0.321193128824234,0.7887324094772339,0.5688912272453308,Neural Network
833,0.8194444179534912,0.3529525101184845,0.7887324094772339,0.5380632877349854,Neural Network
834,0.8356481194496155,0.33377015590667725,0.7652581930160522,0.5393955111503601,Neural Network
835,0.8472222089767456,0.31395381689071655,0.7840375304222107,0.5902118682861328,Neural Network
836,0.8379629850387573,0.32379671931266785,0.7793427109718323,0.612521231174469,Neural Network
837,0.8379629850387573,0.32083356380462646,0.7887324094772339,0.5616484880447388,Neural Network
838,0.8449074029922485,0.3090519607067108,0.7887324094772339,0.6366101503372192,Neural Network
839,0.8333333134651184,0.33222201466560364,0.7887324094772339,0.5699411034584045,Neural Network
840,0.8333333134651184,0.3254960775375366,0.7746478915214539,0.6295472383499146,Neural Network
841,0.8217592835426331,0.37586772441864014,0.7652581930160522,0.6221411824226379,Neural Network
842,0.8425925970077515,0.3186300992965698,0.7605633735656738,0.5876340270042419,Neural Network
843,0.8310185074806213,0.32122841477394104,0.7840375304222107,0.6177846789360046,Neural Network
844,0.8310185074806213,0.33402541279792786,0.7934272289276123,0.5619964003562927,Neural Network
845,0.8356481194496155,0.3217845857143402,0.7746478915214539,0.606113851070404,Neural Network
846,0.8194444179534912,0.35938602685928345,0.7558685541152954,0.5649445056915283,Neural Network
847,0.8217592835426331,0.3793627917766571,0.7887324094772339,0.5613608956336975,Neural Network
848,0.8240740895271301,0.3426423966884613,0.7840375304222107,0.5671473145484924,Neural Network
849,0.8356481194496155,0.3395260274410248,0.7746478915214539,0.5279941558837891,Neural Network
850,0.8472222089767456,0.3405288755893707,0.7887324094772339,0.5371215343475342,Neural Network
851,0.8449074029922485,0.32265493273735046,0.7605633735656738,0.5665428042411804,Neural Network
852,0.8425925970077515,0.3161928057670593,0.7605633735656738,0.603388249874115,Neural Network
853,0.8240740895271301,0.362687885761261,0.7793427109718323,0.5545570254325867,Neural Network
854,0.8263888955116272,0.35126936435699463,0.7887324094772339,0.5795724391937256,Neural Network
855,0.7916666865348816,0.43109098076820374,0.7887324094772339,0.6133111715316772,Neural Network
856,0.8148148059844971,0.3703805208206177,0.7840375304222107,0.5658239722251892,Neural Network
857,0.8425925970077515,0.3172655403614044,0.7652581930160522,0.547060489654541,Neural Network
858,0.8425925970077515,0.31731703877449036,0.7558685541152954,0.561880886554718,Neural Network
859,0.8449074029922485,0.30929335951805115,0.7793427109718323,0.5864583849906921,Neural Network
860,0.8425925970077515,0.320381760597229,0.7840375304222107,0.6198161244392395,Neural Network
861,0.8449074029922485,0.3184783160686493,0.7840375304222107,0.6302943229675293,Neural Network
862,0.8194444179534912,0.3625525236129761,0.7699530720710754,0.5524653196334839,Neural Network
863,0.8379629850387573,0.3355732560157776,0.7793427109718323,0.5931225419044495,Neural Network
864,0.8402777910232544,0.3237731456756592,0.7840375304222107,0.6607804894447327,Neural Network
865,0.8402777910232544,0.3193564713001251,0.7793427109718323,0.585262656211853,Neural Network
866,0.8495370149612427,0.3140987455844879,0.7887324094772339,0.609670877456665,Neural Network
867,0.8449074029922485,0.330122172832489,0.7934272289276123,0.6190128326416016,Neural Network
868,0.8032407164573669,0.3986438512802124,0.7840375304222107,0.6769071221351624,Neural Network
869,0.8310185074806213,0.34424135088920593,0.7840375304222107,0.5699933767318726,Neural Network
870,0.8495370149612427,0.3253368139266968,0.751173734664917,0.5908136367797852,Neural Network
871,0.8263888955116272,0.324056476354599,0.7652581930160522,0.6063404083251953,Neural Network
872,0.8472222089767456,0.3119296729564667,0.7746478915214539,0.6303207874298096,Neural Network
873,0.8310185074806213,0.3220447301864624,0.7652581930160522,0.5803106427192688,Neural Network
874,0.8449074029922485,0.31500357389450073,0.7793427109718323,0.6114291548728943,Neural Network
875,0.8287037014961243,0.3337947130203247,0.7793427109718323,0.7000789046287537,Neural Network
876,0.8263888955116272,0.33268168568611145,0.7699530720710754,0.5791121125221252,Neural Network
877,0.8356481194496155,0.3242161273956299,0.7699530720710754,0.5526527166366577,Neural Network
878,0.8379629850387573,0.33334577083587646,0.7840375304222107,0.5674812197685242,Neural Network
879,0.8310185074806213,0.32695311307907104,0.7793427109718323,0.6196835041046143,Neural Network
880,0.8449074029922485,0.31243664026260376,0.7652581930160522,0.5937113165855408,Neural Network
881,0.8472222089767456,0.3194357454776764,0.7699530720710754,0.616111159324646,Neural Network
882,0.8495370149612427,0.31374263763427734,0.751173734664917,0.6085867285728455,Neural Network
883,0.8356481194496155,0.3270920217037201,0.7840375304222107,0.592577338218689,Neural Network
884,0.7847222089767456,0.4509470462799072,0.7605633735656738,0.6472374796867371,Neural Network
885,0.7754629850387573,0.4738302528858185,0.7793427109718323,0.54770827293396,Neural Network
886,0.8287037014961243,0.3530428111553192,0.7793427109718323,0.5220969319343567,Neural Network
887,0.8263888955116272,0.33963191509246826,0.7840375304222107,0.5637391209602356,Neural Network
888,0.8333333134651184,0.35591328144073486,0.7887324094772339,0.5390685796737671,Neural Network
889,0.8472222089767456,0.31261202692985535,0.7605633735656738,0.5553539991378784,Neural Network
890,0.8356481194496155,0.33944013714790344,0.7417840361595154,0.5630237460136414,Neural Network
891,0.8333333134651184,0.3504457473754883,0.7840375304222107,0.6111766695976257,Neural Network
892,0.8356481194496155,0.32138657569885254,0.7793427109718323,0.5804314017295837,Neural Network
893,0.8194444179534912,0.3474980592727661,0.7464788556098938,0.5592737197875977,Neural Network
894,0.8217592835426331,0.3511506915092468,0.7699530720710754,0.6491313576698303,Neural Network
895,0.8240740895271301,0.3328231871128082,0.7887324094772339,0.6268150210380554,Neural Network
896,0.8379629850387573,0.322409987449646,0.7652581930160522,0.5875719785690308,Neural Network
897,0.8333333134651184,0.33035290241241455,0.7793427109718323,0.5685867071151733,Neural Network
898,0.8449074029922485,0.3150457441806793,0.7793427109718323,0.5815863609313965,Neural Network
899,0.8287037014961243,0.3487892746925354,0.7652581930160522,0.5819922685623169,Neural Network
900,0.8402777910232544,0.3430502712726593,0.7746478915214539,0.5883945822715759,Neural Network
901,0.8310185074806213,0.34207573533058167,0.7699530720710754,0.555168092250824,Neural Network
902,0.7847222089767456,0.5171058773994446,0.7417840361595154,0.6422898769378662,Neural Network
903,0.8009259104728699,0.42053186893463135,0.7558685541152954,0.5244613885879517,Neural Network
904,0.8148148059844971,0.33280786871910095,0.7699530720710754,0.5208084583282471,Neural Network
905,0.8495370149612427,0.3202899396419525,0.7558685541152954,0.543026328086853,Neural Network
906,0.8495370149612427,0.31323084235191345,0.7746478915214539,0.5785895586013794,Neural Network
907,0.8495370149612427,0.3093927204608917,0.751173734664917,0.5811887383460999,Neural Network
908,0.8541666865348816,0.3157367706298828,0.7605633735656738,0.5776238441467285,Neural Network
909,0.8171296119689941,0.34874072670936584,0.7605633735656738,0.5965341329574585,Neural Network
910,0.8402777910232544,0.3494083285331726,0.7605633735656738,0.5763697624206543,Neural Network
911,0.8263888955116272,0.33143261075019836,0.7699530720710754,0.5607703924179077,Neural Network
912,0.8425925970077515,0.30689582228660583,0.7699530720710754,0.5480010509490967,Neural Network
913,0.8449074029922485,0.30967697501182556,0.7699530720710754,0.5802786350250244,Neural Network
914,0.8611111044883728,0.3115852177143097,0.7230046987533569,0.6375421285629272,Neural Network
915,0.8356481194496155,0.3302730917930603,0.7699530720710754,0.5973483324050903,Neural Network
916,0.8541666865348816,0.3068312108516693,0.7652581930160522,0.6063660979270935,Neural Network
917,0.7870370149612427,0.42423227429389954,0.7558685541152954,0.5721850991249084,Neural Network
918,0.8541666865348816,0.31765830516815186,0.7981220483779907,0.5547897815704346,Neural Network
919,0.8564814925193787,0.3168574571609497,0.7793427109718323,0.5760137438774109,Neural Network
920,0.8611111044883728,0.3062036633491516,0.7699530720710754,0.6626352667808533,Neural Network
921,0.8564814925193787,0.30573350191116333,0.7746478915214539,0.6140309572219849,Neural Network
922,0.8194444179534912,0.36815282702445984,0.7887324094772339,0.5691940784454346,Neural Network
923,0.8379629850387573,0.3291774392127991,0.7840375304222107,0.6437044143676758,Neural Network
924,0.8518518805503845,0.3090532720088959,0.7746478915214539,0.6331897974014282,Neural Network
925,0.8449074029922485,0.3103613257408142,0.7981220483779907,0.5731785297393799,Neural Network
926,0.8287037014961243,0.3558257520198822,0.7840375304222107,0.643268883228302,Neural Network
927,0.8310185074806213,0.3624092638492584,0.7981220483779907,0.5435283780097961,Neural Network
928,0.8379629850387573,0.32042697072029114,0.7793427109718323,0.6587445735931396,Neural Network
929,0.8449074029922485,0.32855865359306335,0.751173734664917,0.5900480151176453,Neural Network
930,0.8518518805503845,0.31486842036247253,0.7699530720710754,0.6106510162353516,Neural Network
931,0.8472222089767456,0.31948381662368774,0.7417840361595154,0.5976243019104004,Neural Network
932,0.8472222089767456,0.31895673274993896,0.7934272289276123,0.6545509099960327,Neural Network
933,0.7939814925193787,0.41547203063964844,0.7746478915214539,0.5880191326141357,Neural Network
934,0.8356481194496155,0.3269400894641876,0.7558685541152954,0.5891803503036499,Neural Network
935,0.8263888955116272,0.34637439250946045,0.7699530720710754,0.5907853245735168,Neural Network
936,0.8171296119689941,0.36086222529411316,0.7746478915214539,0.6128012537956238,Neural Network
937,0.8472222089767456,0.3116401135921478,0.7793427109718323,0.6407363414764404,Neural Network
938,0.8564814925193787,0.30459555983543396,0.7793427109718323,0.5657891631126404,Neural Network
939,0.8587962985038757,0.2919411361217499,0.7699530720710754,0.6124743819236755,Neural Network
940,0.8495370149612427,0.30463409423828125,0.751173734664917,0.5690361261367798,Neural Network
941,0.8425925970077515,0.3246295154094696,0.7934272289276123,0.5759708881378174,Neural Network
942,0.8472222089767456,0.3120391368865967,0.7464788556098938,0.6094380617141724,Neural Network
943,0.8287037014961243,0.33375489711761475,0.737089216709137,0.5956907868385315,Neural Network
944,0.8148148059844971,0.35755422711372375,0.7934272289276123,0.5407661199569702,Neural Network
945,0.8333333134651184,0.3314468264579773,0.737089216709137,0.5988309979438782,Neural Network
946,0.8425925970077515,0.3201240003108978,0.7793427109718323,0.5855230689048767,Neural Network
947,0.8634259104728699,0.3056046664714813,0.7558685541152954,0.586326539516449,Neural Network
948,0.8333333134651184,0.3576122522354126,0.7652581930160522,0.5447748899459839,Neural Network
949,0.8263888955116272,0.34822967648506165,0.7558685541152954,0.5877090692520142,Neural Network
950,0.8402777910232544,0.3294759690761566,0.7793427109718323,0.5890929102897644,Neural Network
951,0.8101851940155029,0.36132222414016724,0.7793427109718323,0.5941076278686523,Neural Network
952,0.8310185074806213,0.3498273193836212,0.7558685541152954,0.6863088011741638,Neural Network
953,0.8657407164573669,0.321090966463089,0.751173734664917,0.6327887773513794,Neural Network
954,0.8587962985038757,0.3038387596607208,0.7558685541152954,0.6446186304092407,Neural Network
955,0.8449074029922485,0.3010292649269104,0.7699530720710754,0.682487428188324,Neural Network
956,0.8449074029922485,0.31875479221343994,0.7746478915214539,0.5510926246643066,Neural Network
957,0.8449074029922485,0.3309984505176544,0.7699530720710754,0.674220860004425,Neural Network
958,0.8564814925193787,0.3199473023414612,0.7652581930160522,0.6347187161445618,Neural Network
959,0.8587962985038757,0.30065929889678955,0.7746478915214539,0.6574238538742065,Neural Network
960,0.875,0.30224868655204773,0.7840375304222107,0.7752090692520142,Neural Network
961,0.8402777910232544,0.34562990069389343,0.7558685541152954,0.7279424667358398,Neural Network
962,0.8333333134651184,0.3604448735713959,0.7605633735656738,0.6001500487327576,Neural Network
963,0.8495370149612427,0.318646103143692,0.7605633735656738,0.6274906396865845,Neural Network
964,0.8449074029922485,0.32319051027297974,0.7417840361595154,0.6055102348327637,Neural Network
965,0.8449074029922485,0.3267807364463806,0.7464788556098938,0.674271285533905,Neural Network
966,0.8171296119689941,0.36283740401268005,0.7605633735656738,0.6503891348838806,Neural Network
967,0.8449074029922485,0.30303463339805603,0.7793427109718323,0.6161839365959167,Neural Network
968,0.8495370149612427,0.2967507839202881,0.7699530720710754,0.6253875494003296,Neural Network
969,0.8449074029922485,0.3042011260986328,0.7887324094772339,0.6053423285484314,Neural Network
970,0.8009259104728699,0.4368206560611725,0.7934272289276123,0.6214353442192078,Neural Network
971,0.7407407164573669,0.4539397954940796,0.7793427109718323,0.6197983026504517,Neural Network
972,0.8587962985038757,0.3153814673423767,0.751173734664917,0.6233445405960083,Neural Network
973,0.8194444179534912,0.374667763710022,0.7746478915214539,0.5626500248908997,Neural Network
974,0.8449074029922485,0.3440438508987427,0.7652581930160522,0.6692717671394348,Neural Network
975,0.7592592835426331,0.4775332808494568,0.7464788556098938,0.5337260961532593,Neural Network
976,0.8009259104728699,0.3910348415374756,0.7793427109718323,0.5046505331993103,Neural Network
977,0.8402777910232544,0.3405773639678955,0.751173734664917,0.5831201672554016,Neural Network
978,0.8541666865348816,0.31029146909713745,0.7558685541152954,0.5756998658180237,Neural Network
979,0.8634259104728699,0.3073766529560089,0.7699530720710754,0.6012169122695923,Neural Network
980,0.8310185074806213,0.3319879472255707,0.7652581930160522,0.5973449349403381,Neural Network
981,0.8402777910232544,0.3141472339630127,0.7605633735656738,0.5961266756057739,Neural Network
982,0.8611111044883728,0.30110684037208557,0.7746478915214539,0.6511006355285645,Neural Network
983,0.8356481194496155,0.3634861409664154,0.7746478915214539,0.6228538155555725,Neural Network
984,0.8379629850387573,0.3341040313243866,0.7746478915214539,0.5570704340934753,Neural Network
985,0.7893518805503845,0.39786073565483093,0.7605633735656738,0.6109949946403503,Neural Network
986,0.8217592835426331,0.3338966965675354,0.7746478915214539,0.5891224145889282,Neural Network
987,0.8518518805503845,0.32187339663505554,0.7699530720710754,0.5853642821311951,Neural Network
988,0.8379629850387573,0.3213668167591095,0.7276995182037354,0.6077654361724854,Neural Network
989,0.8495370149612427,0.2932960093021393,0.7887324094772339,0.5824071168899536,Neural Network
990,0.8726851940155029,0.28852778673171997,0.7699530720710754,0.6494289636611938,Neural Network
991,0.8495370149612427,0.30216526985168457,0.751173734664917,0.6732032895088196,Neural Network
992,0.8287037014961243,0.33748510479927063,0.7605633735656738,0.6498046517372131,Neural Network
993,0.8449074029922485,0.3082268238067627,0.7699530720710754,0.7551191449165344,Neural Network
994,0.8125,0.34214136004447937,0.7699530720710754,0.5959450006484985,Neural Network
995,0.8472222089767456,0.30676308274269104,0.7793427109718323,0.649153470993042,Neural Network
996,0.8287037014961243,0.33871400356292725,0.7605633735656738,0.5824745297431946,Neural Network
997,0.8541666865348816,0.31359246373176575,0.7746478915214539,0.6901040077209473,Neural Network
998,0.8402777910232544,0.3111463487148285,0.751173734664917,0.6616973876953125,Neural Network
999,0.8587962985038757,0.3051340878009796,0.7605633735656738,0.6756381392478943,Neural Network
